key,name,shortName,mapFrom,mapTo,networkKey,networkName,networkShortName,familyKey,familyName,familyShortName,validationRegex,validationCaseSensitive
token.0ZK.0ZK_ETH.ETH.address,Ether,ETH,crypto.0ZK.version.0ZK.address|crypto.0ZK.version.ERC20.address,crypto.0ZK.version.0ZK.address,token.0ZK.0ZK_ETH.address,0ZK_ETH,0ZK_ETH,token.0ZK.address,Railgun,0ZK,^0zk1([qpzry9x8gf2tvdw0s3jn54khce6mua7l]{52})([pr98ftd03n4hemal])(rv7j6fe3z53l)([ce6mua7l])([qpzry9x8gf2tvdw0s3jn54khce6mua7l]{57})$,TRUE
token.ADA.ADA.ADA.address,Cardano,ADA,crypto.ADA.address,crypto.ADA.address,token.ADA.ADA.address,ADA,ADA,token.ADA.address,ADA,ADA,^[1-9a-km-zA-HJ-NP-Z]{104}$|^A[1-9A-HJ-NP-Za-km-z]{58}$|^addr([0-9a-zA-Z]{99}|[0-9a-zA-Z]{54})$,TRUE
token.AE.AE.AE.address,Aeternity,AE,crypto.AE.address,crypto.AE.address,token.AE.AE.address,AE,AE,token.AE.address,AE,AE,"^ak_[a-km-zA-Z1-9]{48,52}$",TRUE
token.AKT.AKT.AKT.address,AKT,AKT,crypto.AKT.address,crypto.AKT.address,token.AKT.AKT.address,AKT,AKT,token.AKT.address,AKT,AKT,^[a-zA-Z0-9]*$,TRUE
token.ALGO.ALGO.ALGO.address,Algorand,ALGO,crypto.ALGO.address,crypto.ALGO.address,token.ALGO.ALGO.address,ALGO,ALGO,token.ALGO.address,ALGO,ALGO,^[a-zA-Z0-9]{58}$,TRUE
token.APT.APT.APT.address,Aptos,APT,crypto.APT.address,crypto.APT.address,token.APT.APT.address,APT,APT,token.APT.address,APT,APT,^0x[a-f0-9]{64}$,TRUE
token.AR.AR.AR.address,Arweave,AR,crypto.AR.address,crypto.AR.address,token.AR.AR.address,AR,AR,token.AR.address,AR,AR,^[a-zA-Z0-9-_]{43}$,TRUE
token.ARDR.ARDR.ARDR.address,ARDR,ARDR,crypto.ARDR.address,crypto.ARDR.address,token.ARDR.ARDR.address,ARDR,ARDR,token.ARDR.address,ARDR,ARDR,^[a-zA-Z0-9]*$,TRUE
token.ARK.ARK.ARK.address,Ark,ARK,crypto.ARK.address,crypto.ARK.address,token.ARK.ARK.address,ARK,ARK,token.ARK.address,ARK,ARK,^[a-zA-Z0-9]{34}$,TRUE
token.ARRR.ARRR.ARRR.address,Pirate Chain,ARRR,crypto.ARRR.address,crypto.ARRR.address,token.ARRR.ARRR.address,ARRR,ARRR,token.ARRR.address,ARRR,ARRR,"^zs1[a-zA-Z0-9]{76,77}$|^R[a-zA-Z0-9]{33}$",TRUE
token.ATOM.ATOM.ATOM.address,Cosmos,ATOM,crypto.ATOM.address,crypto.ATOM.address,token.ATOM.ATOM.address,ATOM,ATOM,token.ATOM.address,ATOM,ATOM,^(cosmos)1([qpzry9x8gf2tvdw0s3jn54khce6mua7l]+)$,TRUE
token.BCD.BCD.BCD.address,Bitcoin Diamond,BCD,crypto.BCD.address,crypto.BCD.address,token.BCD.BCD.address,BCD,BCD,token.BCD.address,BCD,BCD,^[a-zA-Z0-9]{34}$,TRUE
token.BCH.BCH.BCH.address,Bitcoin Cash,BCH,crypto.BCH.address,crypto.BCH.address,token.BCH.BCH.address,BCH,BCH,token.BCH.address,Bitcoin Cash,BCH,^[13][a-km-zA-HJ-NP-Z1-9]{33}$|^((bitcoincash|bchreg|bchtest):)?(q|p)[a-z0-9]{41}$|^((BITCOINCASH:)?(Q|P)[A-Z0-9]{41})$,TRUE
token.BEAM.BEAM.BEAM.address,Beam,BEAM,crypto.BEAM.address,crypto.BEAM.address,token.BEAM.BEAM.address,BEAM,BEAM,token.BEAM.address,BEAM,BEAM,,TRUE
token.BNB.BNB.BNB.address,Binance Coin,BNB,crypto.BNB.address|crypto.BNB.version.BEP2.address,crypto.BNB.address,token.BNB.BNB.address,BNB Beacon Chain,BNB,token.BNB.address,Binance Chain,BNB,^bnb[a-zA-HJ-NP-Z0-9]{39}$,TRUE
token.BNB.BNB.EQL.address,Equal,EQL,crypto.EQL.address,crypto.EQL.address,token.BNB.BNB.address,BNB Beacon Chain,BNB,token.BNB.address,Binance Chain,BNB,^bnb[a-zA-HJ-NP-Z0-9]{39}$,TRUE
token.BNB.BNB.FTM.address,Fantom,FTM,crypto.FTM.version.BEP2.address,crypto.FTM.version.BEP2.address,token.BNB.BNB.address,BNB Beacon Chain,BNB,token.BNB.address,Binance Chain,BNB,^bnb[a-zA-HJ-NP-Z0-9]{39}$,TRUE
token.BNB.BNB.TUSD.address,TrueUSD,TUSD,crypto.TUSD.version.BEP2.address,crypto.TUSD.version.BEP2.address,token.BNB.BNB.address,BNB Beacon Chain,BNB,token.BNB.address,Binance Chain,BNB,^bnb[a-zA-HJ-NP-Z0-9]{39}$,TRUE
token.BNB.BNB.WRX.address,WRX,WRX,crypto.WRX.version.BEP2.address,crypto.WRX.version.BEP2.address,token.BNB.BNB.address,BNB Beacon Chain,BNB,token.BNB.address,Binance Chain,BNB,^bnb[a-zA-HJ-NP-Z0-9]{39}$,TRUE
token.BSV.BSV.BSV.address,Bitcoin SV,BSV,crypto.BSV.address,crypto.BSV.address,token.BSV.BSV.address,BSV,BSV,token.BSV.address,BSV,BSV,"^[a-zA-Z0-9]{33,34}$",TRUE
token.BTC.BTC.BTC.address,Bitcoin,BTC,crypto.BTC.address,crypto.BTC.address,token.BTC.BTC.address,BTC,BTC,token.BTC.address,Bitcoin,BTC,"^bc1[ac-hj-np-z02-9]{6,87}$|^[13][a-km-zA-HJ-NP-Z1-9]{25,39}$",TRUE
token.BTG.BTG.BTG.address,Bitcoin Gold,BTG,crypto.BTG.address,crypto.BTG.address,token.BTG.BTG.address,BTG,BTG,token.BTG.address,BTG,BTG,^[GA][a-km-zA-HJ-NP-Z1-9]{33}$,TRUE
token.CKB.CKB.CKB.address,CKB,CKB,crypto.CKB.address,crypto.CKB.address,token.CKB.CKB.address,CKB,CKB,token.CKB.address,CKB,CKB,^ckb1q[a-zA-Z0-9]+$,TRUE
token.CSPR.CSPR.CSPR.address,Casper,CSPR,crypto.CSPR.address,crypto.CSPR.address,token.CSPR.CSPR.address,CSPR,CSPR,token.CSPR.address,CSPR,CSPR,^[a-zA-Z0-9]*$,TRUE
token.DASH.DASH.DASH.address,Dash,DASH,crypto.DASH.address,crypto.DASH.address,token.DASH.DASH.address,DASH,DASH,token.DASH.address,DASH,DASH,^X[1-9A-HJ-NP-Za-km-z]{33}$,TRUE
token.DCR.DCR.DCR.address,Decred,DCR,crypto.DCR.address,crypto.DCR.address,token.DCR.DCR.address,DCR,DCR,token.DCR.address,DCR,DCR,^D[a-zA-Z0-9]*$,TRUE
token.DESO.DESO.DESO.address,DeSo,DESO,crypto.DESO.address,crypto.DESO.address,token.DESO.DESO.address,DESO,DESO,token.DESO.address,DESO,DESO,"^[a-zA-Z0-9]{54,55}$",TRUE
token.DGB.DGB.DGB.address,DigiByte,DGB,crypto.DGB.address,crypto.DGB.address,token.DGB.DGB.address,DGB,DGB,token.DGB.address,DGB,DGB,(^[a-km-zA-HJ-NP-Z1-9]{34}$)|(^[a-zA-Z1-9]{42}$)|(^dgb1[a-zA-Z0-9]{39}$),TRUE
token.DOGE.DOGE.DOGE.address,Dogecoin,DOGE,crypto.DOGE.address,crypto.DOGE.address,token.DOGE.DOGE.address,DOGE,DOGE,token.DOGE.address,DOGE,DOGE,^D[5-9A-HJ-NP-U]{1}[1-9A-HJ-NP-Za-km-z]{32}$,TRUE
token.DOT.DOT.DOT.address,Polkadot,DOT,crypto.DOT.address,crypto.DOT.address,token.DOT.DOT.address,DOT,DOT,token.DOT.address,DOT,DOT,^1[a-zA-Z0-9]*$,TRUE
token.EGLD.EGLD.EGLD.address,Elrond,EGLD,crypto.EGLD.address,crypto.EGLD.address,token.EGLD.EGLD.address,EGLD,EGLD,token.EGLD.address,EGLD,EGLD,^erd[a-zA-Z0-9]{59}$,TRUE
token.EOSIO.EOSIO.EOS.address,EOS,EOS,crypto.EOS.address,crypto.EOS.address,token.EOSIO.EOSIO.address,Eos.IO,EOSIO,token.EOSIO.address,EOSIO,EOSIO,^[1-5a-z]{12}$|^EOS[a-zA-Z0-9]{50}$|^PUB_K[0-9]_[a-zA-Z0-9]{50}$,TRUE
token.EOSIO.EOSIO.USDT.address,Tether,USDT,crypto.USDT.version.EOS.address,crypto.USDT.version.EOS.address,token.EOSIO.EOSIO.address,Eos.IO,EOSIO,token.EOSIO.address,EOSIO,EOSIO,^[1-5a-z]{12}$|^EOS[a-zA-Z0-9]{50}$|^PUB_K[0-9]_[a-zA-Z0-9]{50}$,TRUE
token.ERG.ERG.ERG.address,Ergo,ERG,crypto.ERG.address,crypto.ERG.address,token.ERG.ERG.address,ERG,ERG,token.ERG.address,ERG,ERG,^[a-zA-Z0-9]{51}$,TRUE
token.ETN.ETN.ETN.address,ETN,ETN,crypto.ETN.address,crypto.ETN.address,token.ETN.ETN.address,ETN,ETN,token.ETN.address,ETN,ETN,^[a-zA-Z0-9]*$,TRUE
token.EVM.ARB1.DOG.address,The Doge NFT,DOG,crypto.DOG.version.AETH.address,crypto.DOG.version.AETH.address,token.EVM.ARB1.address,Arbitrum One,ARB1,token.EVM.address,Ethereum Virtual Machine,EVM,^0x[a-fA-F0-9]{40}$,FALSE
token.EVM.ARB1.MOON.address,Moon,MOON,,,token.EVM.ARB1.address,Arbitrum One,ARB1,token.EVM.address,Ethereum Virtual Machine,EVM,^0x[a-fA-F0-9]{40}$,FALSE
token.EVM.ARBN.MOON.address,Moon,MOON,,,token.EVM.ARBN.address,Arbitrum Nova,ARBN,token.EVM.address,Ethereum Virtual Machine,EVM,^0x[a-fA-F0-9]{40}$,FALSE
token.EVM.AVAX.AVAX.address,Avalanche,AVAX,crypto.AVAX.address,crypto.AVAX.address,token.EVM.AVAX.address,Avalanche C-Chain,AVAX,token.EVM.address,Ethereum Virtual Machine,EVM,^0x[a-fA-F0-9]{40}$,FALSE
token.EVM.AVAX.TUSD.address,TrueUSD,TUSD,crypto.TUSD.version.AVAX.address,crypto.TUSD.version.AVAX.address,token.EVM.AVAX.address,Avalanche C-Chain,AVAX,token.EVM.address,Ethereum Virtual Machine,EVM,^0x[a-fA-F0-9]{40}$,FALSE
token.EVM.AVAX.USDC.address,USD Coin,USDC,crypto.USDC.version.AVAX.address,crypto.USDC.version.AVAX.address,token.EVM.AVAX.address,Avalanche C-Chain,AVAX,token.EVM.address,Ethereum Virtual Machine,EVM,^0x[a-fA-F0-9]{40}$,FALSE
token.EVM.BASE.BOOMER.address,Boomer,BOOMER,,,token.EVM.BASE.address,Base,BASE,token.EVM.address,Ethereum Virtual Machine,EVM,^0x[a-fA-F0-9]{40}$,FALSE
token.EVM.BASE.CAW.address,crow with knife,CAW,,,token.EVM.BASE.address,Base,BASE,token.EVM.address,Ethereum Virtual Machine,EVM,^0x[a-fA-F0-9]{40}$,FALSE
token.EVM.BASE.CHOMP.address,ChompCoin,CHOMP,,,token.EVM.BASE.address,Base,BASE,token.EVM.address,Ethereum Virtual Machine,EVM,^0x[a-fA-F0-9]{40}$,FALSE
token.EVM.BASE.ETH.address,Ether,ETH,,,token.EVM.BASE.address,Base,BASE,token.EVM.address,Ethereum Virtual Machine,EVM,^0x[a-fA-F0-9]{40}$,FALSE
token.EVM.BASE.NPC.address,Non-Playable Coin,NPC,,,token.EVM.BASE.address,Base,BASE,token.EVM.address,Ethereum Virtual Machine,EVM,^0x[a-fA-F0-9]{40}$,FALSE
token.EVM.BASE.TYBG.address,Base God,TYBG,,,token.EVM.BASE.address,Base,BASE,token.EVM.address,Ethereum Virtual Machine,EVM,^0x[a-fA-F0-9]{40}$,FALSE
token.EVM.BSC.1INCH.address,1inch,1INCH,crypto.1INCH.version.BEP20.address,crypto.1INCH.version.BEP20.address,token.EVM.BSC.address,BNB Smart Chain,BSC,token.EVM.address,Ethereum Virtual Machine,EVM,^0x[a-fA-F0-9]{40}$,FALSE
token.EVM.BSC.ALPHA.address,ALPHA,ALPHA,crypto.ALPHA.version.BEP20.address,crypto.ALPHA.version.BEP20.address,token.EVM.BSC.address,BNB Smart Chain,BSC,token.EVM.address,Ethereum Virtual Machine,EVM,^0x[a-fA-F0-9]{40}$,FALSE
token.EVM.BSC.B2M.address,Bit2Me,B2M,crypto.B2M.version.BEP20.address,crypto.B2M.version.BEP20.address,token.EVM.BSC.address,BNB Smart Chain,BSC,token.EVM.address,Ethereum Virtual Machine,EVM,^0x[a-fA-F0-9]{40}$,FALSE
token.EVM.BSC.BAKE.address,BAKE,BAKE,crypto.BAKE.version.BEP20.address,crypto.BAKE.version.BEP20.address,token.EVM.BSC.address,BNB Smart Chain,BSC,token.EVM.address,Ethereum Virtual Machine,EVM,^0x[a-fA-F0-9]{40}$,FALSE
token.EVM.BSC.BNB.address,Binance Coin,BNB,crypto.BNB.version.BEP20.address,crypto.BNB.version.BEP20.address,token.EVM.BSC.address,BNB Smart Chain,BSC,token.EVM.address,Ethereum Virtual Machine,EVM,^0x[a-fA-F0-9]{40}$,FALSE
token.EVM.BSC.BTCST.address,BTCST,BTCST,crypto.BTCST.address,crypto.BTCST.address,token.EVM.BSC.address,BNB Smart Chain,BSC,token.EVM.address,Ethereum Virtual Machine,EVM,^0x[a-fA-F0-9]{40}$,FALSE
token.EVM.BSC.BUSD.address,Paxos BUSD,BUSD,crypto.BUSD.version.BEP20.address,crypto.BUSD.version.BEP20.address,token.EVM.BSC.address,BNB Smart Chain,BSC,token.EVM.address,Ethereum Virtual Machine,EVM,^0x[a-fA-F0-9]{40}$,FALSE
token.EVM.BSC.CAKE.address,PancakeSwap,CAKE,crypto.CAKE.version.BEP20.address,crypto.CAKE.version.BEP20.address,token.EVM.BSC.address,BNB Smart Chain,BSC,token.EVM.address,Ethereum Virtual Machine,EVM,^0x[a-fA-F0-9]{40}$,FALSE
token.EVM.BSC.CAW.address,crow with knife,CAW,,,token.EVM.BSC.address,BNB Smart Chain,BSC,token.EVM.address,Ethereum Virtual Machine,EVM,^0x[a-fA-F0-9]{40}$,FALSE
token.EVM.BSC.CTSI.address,CTSI,CTSI,crypto.CTSI.version.BEP20.address,crypto.CTSI.version.BEP20.address,token.EVM.BSC.address,BNB Smart Chain,BSC,token.EVM.address,Ethereum Virtual Machine,EVM,^0x[a-fA-F0-9]{40}$,FALSE
token.EVM.BSC.DODO.address,DODO,DODO,crypto.DODO.version.BEP20.address,crypto.DODO.version.BEP20.address,token.EVM.BSC.address,BNB Smart Chain,BSC,token.EVM.address,Ethereum Virtual Machine,EVM,^0x[a-fA-F0-9]{40}$,FALSE
token.EVM.BSC.DOG.address,The Doge NFT,DOG,crypto.DOG.version.BEP20.address,crypto.DOG.version.BEP20.address,token.EVM.BSC.address,BNB Smart Chain,BSC,token.EVM.address,Ethereum Virtual Machine,EVM,^0x[a-fA-F0-9]{40}$,FALSE
token.EVM.BSC.GALA.address,Gala,GALA,crypto.GALA.version.BEP20.address,crypto.GALA.version.BEP20.address,token.EVM.BSC.address,BNB Smart Chain,BSC,token.EVM.address,Ethereum Virtual Machine,EVM,^0x[a-fA-F0-9]{40}$,FALSE
token.EVM.BSC.HI.address,HI,HI,crypto.HI.version.BEP20.address,crypto.HI.version.BEP20.address,token.EVM.BSC.address,BNB Smart Chain,BSC,token.EVM.address,Ethereum Virtual Machine,EVM,^0x[a-fA-F0-9]{40}$,FALSE
token.EVM.BSC.INJ.address,INJ,INJ,crypto.INJ.version.BEP20.address,crypto.INJ.version.BEP20.address,token.EVM.BSC.address,BNB Smart Chain,BSC,token.EVM.address,Ethereum Virtual Machine,EVM,^0x[a-fA-F0-9]{40}$,FALSE
token.EVM.BSC.IQ.address,IQ,IQ,crypto.IQ.version.BEP20.address,crypto.IQ.version.BEP20.address,token.EVM.BSC.address,BNB Smart Chain,BSC,token.EVM.address,Ethereum Virtual Machine,EVM,^0x[a-fA-F0-9]{40}$,FALSE
token.EVM.BSC.MATIC.address,Polygon (MATIC),MATIC,crypto.MATIC.version.BEP20.address,crypto.MATIC.version.BEP20.address,token.EVM.BSC.address,BNB Smart Chain,BSC,token.EVM.address,Ethereum Virtual Machine,EVM,^0x[a-fA-F0-9]{40}$,FALSE
token.EVM.BSC.MCONTENT.address,MContent,MCONTENT,crypto.MCONTENT.version.BEP20.address,crypto.MCONTENT.version.BEP20.address,token.EVM.BSC.address,BNB Smart Chain,BSC,token.EVM.address,Ethereum Virtual Machine,EVM,^0x[a-fA-F0-9]{40}$,FALSE
token.EVM.BSC.MDX.address,MDX,MDX,crypto.MDX.version.BEP20.address,crypto.MDX.version.BEP20.address,token.EVM.BSC.address,BNB Smart Chain,BSC,token.EVM.address,Ethereum Virtual Machine,EVM,^0x[a-fA-F0-9]{40}$,FALSE
token.EVM.BSC.MIR.address,MIR,MIR,crypto.MIR.version.BEP20.address,crypto.MIR.version.BEP20.address,token.EVM.BSC.address,BNB Smart Chain,BSC,token.EVM.address,Ethereum Virtual Machine,EVM,^0x[a-fA-F0-9]{40}$,FALSE
token.EVM.BSC.NMX.address,NMX,NMX,crypto.NMX.address,crypto.NMX.address,token.EVM.BSC.address,BNB Smart Chain,BSC,token.EVM.address,Ethereum Virtual Machine,EVM,^0x[a-fA-F0-9]{40}$,FALSE
token.EVM.BSC.POL.address,Polygon,POL,,,token.EVM.BSC.address,BNB Smart Chain,BSC,token.EVM.address,Ethereum Virtual Machine,EVM,^0x[a-fA-F0-9]{40}$,FALSE
token.EVM.BSC.REEF.address,REEF,REEF,crypto.REEF.version.BEP20.address,crypto.REEF.version.BEP20.address,token.EVM.BSC.address,BNB Smart Chain,BSC,token.EVM.address,Ethereum Virtual Machine,EVM,^0x[a-fA-F0-9]{40}$,FALSE
token.EVM.BSC.RENBTC.address,RENBTC,RENBTC,crypto.RENBTC.version.BEP20.address,crypto.RENBTC.version.BEP20.address,token.EVM.BSC.address,BNB Smart Chain,BSC,token.EVM.address,Ethereum Virtual Machine,EVM,^0x[a-fA-F0-9]{40}$,FALSE
token.EVM.BSC.SAFEMOON.address,SafeMoon,SAFEMOON,crypto.SAFEMOON.version.BEP20.address,crypto.SAFEMOON.version.BEP20.address,token.EVM.BSC.address,BNB Smart Chain,BSC,token.EVM.address,Ethereum Virtual Machine,EVM,^0x[a-fA-F0-9]{40}$,FALSE
token.EVM.BSC.SET.address,SET,SET,crypto.10SET.address,crypto.10SET.address,token.EVM.BSC.address,BNB Smart Chain,BSC,token.EVM.address,Ethereum Virtual Machine,EVM,^0x[a-fA-F0-9]{40}$,FALSE
token.EVM.BSC.SIGNA.address,SIGNA,SIGNA,crypto.SIGNA.address,crypto.SIGNA.address,token.EVM.BSC.address,BNB Smart Chain,BSC,token.EVM.address,Ethereum Virtual Machine,EVM,^0x[a-fA-F0-9]{40}$,FALSE
token.EVM.BSC.SUSHI.address,SUSHI,SUSHI,crypto.SUSHI.version.BEP20.address,crypto.SUSHI.version.BEP20.address,token.EVM.BSC.address,BNB Smart Chain,BSC,token.EVM.address,Ethereum Virtual Machine,EVM,^0x[a-fA-F0-9]{40}$,FALSE
token.EVM.BSC.SXP.address,SXP,SXP,crypto.SXP.version.BEP20.address,crypto.SXP.version.BEP20.address,token.EVM.BSC.address,BNB Smart Chain,BSC,token.EVM.address,Ethereum Virtual Machine,EVM,^0x[a-fA-F0-9]{40}$,FALSE
token.EVM.BSC.TKO.address,TKO,TKO,crypto.TKO.address,crypto.TKO.address,token.EVM.BSC.address,BNB Smart Chain,BSC,token.EVM.address,Ethereum Virtual Machine,EVM,^0x[a-fA-F0-9]{40}$,FALSE
token.EVM.BSC.TUSD.address,TrueUSD,TUSD,crypto.TUSD.version.BEP20.address,crypto.TUSD.version.BEP20.address,token.EVM.BSC.address,BNB Smart Chain,BSC,token.EVM.address,Ethereum Virtual Machine,EVM,^0x[a-fA-F0-9]{40}$,FALSE
token.EVM.BSC.TWT.address,TWT,TWT,crypto.TWT.address,crypto.TWT.address,token.EVM.BSC.address,BNB Smart Chain,BSC,token.EVM.address,Ethereum Virtual Machine,EVM,^0x[a-fA-F0-9]{40}$,FALSE
token.EVM.BSC.UCASH.address,Universal Cash,UCASH,,,token.EVM.BSC.address,BNB Smart Chain,BSC,token.EVM.address,Ethereum Virtual Machine,EVM,^0x[a-fA-F0-9]{40}$,FALSE
token.EVM.BSC.UNI.address,Uniswap,UNI,crypto.UNI.version.BEP20.address,crypto.UNI.version.BEP20.address,token.EVM.BSC.address,BNB Smart Chain,BSC,token.EVM.address,Ethereum Virtual Machine,EVM,^0x[a-fA-F0-9]{40}$,FALSE
token.EVM.BSC.WETH.address,Wrapped Ether,WETH,crypto.WETH.version.BEP20.address,crypto.WETH.version.BEP20.address,token.EVM.BSC.address,BNB Smart Chain,BSC,token.EVM.address,Ethereum Virtual Machine,EVM,^0x[a-fA-F0-9]{40}$,FALSE
token.EVM.BSC.XVS.address,XVS,XVS,crypto.XVS.address,crypto.XVS.address,token.EVM.BSC.address,BNB Smart Chain,BSC,token.EVM.address,Ethereum Virtual Machine,EVM,^0x[a-fA-F0-9]{40}$,FALSE
token.EVM.CELO.CELO.address,Celo,CELO,crypto.CELO.address,crypto.CELO.address,token.EVM.CELO.address,Celo,CELO,token.EVM.address,Ethereum Virtual Machine,EVM,^0x[a-fA-F0-9]{40}$,FALSE
token.EVM.CFX.CFX.address,Conflux eSpace,CFX,crypto.CFX.address,crypto.CFX.address,token.EVM.CFX.address,Conflux eSpace,CFX,token.EVM.address,Ethereum Virtual Machine,EVM,^0x[a-fA-F0-9]{40}$,FALSE
token.EVM.CRO.CAW.address,crow with knife,CAW,,,token.EVM.CRO.address,CRO,CRO,token.EVM.address,Ethereum Virtual Machine,EVM,^0x[a-fA-F0-9]{40}$,FALSE
token.EVM.CRO.CRO.address,Cronos,CRO,crypto.CRO.address|token.CRO.CRO.CRO.address,crypto.CRO.address,token.EVM.CRO.address,CRO,CRO,token.EVM.address,Ethereum Virtual Machine,EVM,^0x[a-fA-F0-9]{40}$,FALSE
token.EVM.ESC.ELA.address,Elastos Smart Chain,ELA,crypto.ELA.version.ELA.address|crypto.ELA.version.ESC.address,crypto.ELA.version.ELA.address,token.EVM.ESC.address,Elastos Smart Chain,ESC,token.EVM.address,Ethereum Virtual Machine,EVM,^0x[a-fA-F0-9]{40}$,FALSE
token.EVM.ETC.ETC.address,Ethereum Classic,ETC,crypto.ETC.address,crypto.ETC.address,token.EVM.ETC.address,Ethereum Classic,ETC,token.EVM.address,Ethereum Virtual Machine,EVM,^0x[a-fA-F0-9]{40}$,FALSE
token.EVM.ETH.1INCH.address,1inch,1INCH,crypto.1INCH.version.ERC20.address,crypto.1INCH.version.ERC20.address,token.EVM.ETH.address,Ethereum,ETH,token.EVM.address,Ethereum Virtual Machine,EVM,^0x[a-fA-F0-9]{40}$,FALSE
token.EVM.ETH.AAVE.address,AAVE (LEND),AAVE,crypto.AAVE.version.ERC20.address,crypto.AAVE.version.ERC20.address,token.EVM.ETH.address,Ethereum,ETH,token.EVM.address,Ethereum Virtual Machine,EVM,^0x[a-fA-F0-9]{40}$,FALSE
token.EVM.ETH.AGIX.address,AGIX,AGIX,crypto.AGIX.address,crypto.AGIX.address,token.EVM.ETH.address,Ethereum,ETH,token.EVM.address,Ethereum Virtual Machine,EVM,^0x[a-fA-F0-9]{40}$,FALSE
token.EVM.ETH.ALCX.address,ALCX,ALCX,crypto.ALCX.address,crypto.ALCX.address,token.EVM.ETH.address,Ethereum,ETH,token.EVM.address,Ethereum Virtual Machine,EVM,^0x[a-fA-F0-9]{40}$,FALSE
token.EVM.ETH.ALPHA.address,ALPHA,ALPHA,crypto.ALPHA.version.ERC20.address,crypto.ALPHA.version.ERC20.address,token.EVM.ETH.address,Ethereum,ETH,token.EVM.address,Ethereum Virtual Machine,EVM,^0x[a-fA-F0-9]{40}$,FALSE
token.EVM.ETH.ALUSD.address,ALUSD,ALUSD,crypto.ALUSD.address,crypto.ALUSD.address,token.EVM.ETH.address,Ethereum,ETH,token.EVM.address,Ethereum Virtual Machine,EVM,^0x[a-fA-F0-9]{40}$,FALSE
token.EVM.ETH.AMP.address,Amp,AMP,crypto.AMP.address,crypto.AMP.address,token.EVM.ETH.address,Ethereum,ETH,token.EVM.address,Ethereum Virtual Machine,EVM,^0x[a-fA-F0-9]{40}$,FALSE
token.EVM.ETH.AMPL.address,Ampleforth,AMPL,crypto.AMPL.address,crypto.AMPL.address,token.EVM.ETH.address,Ethereum,ETH,token.EVM.address,Ethereum Virtual Machine,EVM,^0x[a-fA-F0-9]{40}$,FALSE
token.EVM.ETH.ANC.address,ANC,ANC,crypto.ANC.version.ERC20.address,crypto.ANC.version.ERC20.address,token.EVM.ETH.address,Ethereum,ETH,token.EVM.address,Ethereum Virtual Machine,EVM,^0x[a-fA-F0-9]{40}$,FALSE
token.EVM.ETH.ANKR.address,ANKR,ANKR,crypto.ANKR.address,crypto.ANKR.address,token.EVM.ETH.address,Ethereum,ETH,token.EVM.address,Ethereum Virtual Machine,EVM,^0x[a-fA-F0-9]{40}$,FALSE
token.EVM.ETH.ANT.address,ANT,ANT,crypto.ANT.address,crypto.ANT.address,token.EVM.ETH.address,Ethereum,ETH,token.EVM.address,Ethereum Virtual Machine,EVM,^0x[a-fA-F0-9]{40}$,FALSE
token.EVM.ETH.ASD.address,ASD,ASD,crypto.ASD.address,crypto.ASD.address,token.EVM.ETH.address,Ethereum,ETH,token.EVM.address,Ethereum Virtual Machine,EVM,^0x[a-fA-F0-9]{40}$,FALSE
token.EVM.ETH.AUDIO.address,AUDIO,AUDIO,crypto.AUDIO.address,crypto.AUDIO.address,token.EVM.ETH.address,Ethereum,ETH,token.EVM.address,Ethereum Virtual Machine,EVM,^0x[a-fA-F0-9]{40}$,FALSE
token.EVM.ETH.AVA.address,AVA,AVA,crypto.AVA.address,crypto.AVA.address,token.EVM.ETH.address,Ethereum,ETH,token.EVM.address,Ethereum Virtual Machine,EVM,^0x[a-fA-F0-9]{40}$,FALSE
token.EVM.ETH.AXS.address,Axie Infinity,AXS,crypto.AXS.address,crypto.AXS.address,token.EVM.ETH.address,Ethereum,ETH,token.EVM.address,Ethereum Virtual Machine,EVM,^0x[a-fA-F0-9]{40}$,FALSE
token.EVM.ETH.B2M.address,Bit2Me,B2M,crypto.B2M.version.ERC20.address,crypto.B2M.version.ERC20.address,token.EVM.ETH.address,Ethereum,ETH,token.EVM.address,Ethereum Virtual Machine,EVM,^0x[a-fA-F0-9]{40}$,FALSE
token.EVM.ETH.BAL.address,Balancer,BAL,crypto.BAL.address,crypto.BAL.address,token.EVM.ETH.address,Ethereum,ETH,token.EVM.address,Ethereum Virtual Machine,EVM,^0x[a-fA-F0-9]{40}$,FALSE
token.EVM.ETH.BAND.address,BAND,BAND,crypto.BAND.version.ERC20.address,crypto.BAND.version.ERC20.address,token.EVM.ETH.address,Ethereum,ETH,token.EVM.address,Ethereum Virtual Machine,EVM,^0x[a-fA-F0-9]{40}$,FALSE
token.EVM.ETH.BAT.address,Basic Attention Token,BAT,crypto.BAT.address,crypto.BAT.address,token.EVM.ETH.address,Ethereum,ETH,token.EVM.address,Ethereum Virtual Machine,EVM,^0x[a-fA-F0-9]{40}$,FALSE
token.EVM.ETH.BLOCKS.address,BLOCKS,BLOCKS,crypto.BLOCKS.address,crypto.BLOCKS.address,token.EVM.ETH.address,Ethereum,ETH,token.EVM.address,Ethereum Virtual Machine,EVM,^0x[a-fA-F0-9]{40}$,FALSE
token.EVM.ETH.BNT.address,BNT,BNT,crypto.BNT.address,crypto.BNT.address,token.EVM.ETH.address,Ethereum,ETH,token.EVM.address,Ethereum Virtual Machine,EVM,^0x[a-fA-F0-9]{40}$,FALSE
token.EVM.ETH.BNTY.address,Bounty0x,BNTY,crypto.BNTY.address,crypto.BNTY.address,token.EVM.ETH.address,Ethereum,ETH,token.EVM.address,Ethereum Virtual Machine,EVM,^0x[a-fA-F0-9]{40}$,FALSE
token.EVM.ETH.BUSD.address,Paxos BUSD,BUSD,crypto.BUSD.version.ERC20.address,crypto.BUSD.version.ERC20.address,token.EVM.ETH.address,Ethereum,ETH,token.EVM.address,Ethereum Virtual Machine,EVM,^0x[a-fA-F0-9]{40}$,FALSE
token.EVM.ETH.CDAI.address,CDAI,CDAI,crypto.CDAI.address,crypto.CDAI.address,token.EVM.ETH.address,Ethereum,ETH,token.EVM.address,Ethereum Virtual Machine,EVM,^0x[a-fA-F0-9]{40}$,FALSE
token.EVM.ETH.CEL.address,Celsius,CEL,crypto.CEL.version.ERC20.address,crypto.CEL.version.ERC20.address,token.EVM.ETH.address,Ethereum,ETH,token.EVM.address,Ethereum Virtual Machine,EVM,^0x[a-fA-F0-9]{40}$,FALSE
token.EVM.ETH.CELR.address,CELR,CELR,crypto.CELR.address,crypto.CELR.address,token.EVM.ETH.address,Ethereum,ETH,token.EVM.address,Ethereum Virtual Machine,EVM,^0x[a-fA-F0-9]{40}$,FALSE
token.EVM.ETH.CETH.address,CETH,CETH,crypto.CETH.address,crypto.CETH.address,token.EVM.ETH.address,Ethereum,ETH,token.EVM.address,Ethereum Virtual Machine,EVM,^0x[a-fA-F0-9]{40}$,FALSE
token.EVM.ETH.CHSB.address,CHSB,CHSB,crypto.CHSB.address,crypto.CHSB.address,token.EVM.ETH.address,Ethereum,ETH,token.EVM.address,Ethereum Virtual Machine,EVM,^0x[a-fA-F0-9]{40}$,FALSE
token.EVM.ETH.CHZ.address,CHZ,CHZ,crypto.CHZ.address,crypto.CHZ.address,token.EVM.ETH.address,Ethereum,ETH,token.EVM.address,Ethereum Virtual Machine,EVM,^0x[a-fA-F0-9]{40}$,FALSE
token.EVM.ETH.COMP.address,Compound,COMP,crypto.COMP.address,crypto.COMP.address,token.EVM.ETH.address,Ethereum,ETH,token.EVM.address,Ethereum Virtual Machine,EVM,^0x[a-fA-F0-9]{40}$,FALSE
token.EVM.ETH.CRV.address,CRV,CRV,crypto.CRV.version.ERC20.address,crypto.CRV.version.ERC20.address,token.EVM.ETH.address,Ethereum,ETH,token.EVM.address,Ethereum Virtual Machine,EVM,^0x[a-fA-F0-9]{40}$,FALSE
token.EVM.ETH.CTSI.address,CTSI,CTSI,crypto.CTSI.version.ERC20.address,crypto.CTSI.version.ERC20.address,token.EVM.ETH.address,Ethereum,ETH,token.EVM.address,Ethereum Virtual Machine,EVM,^0x[a-fA-F0-9]{40}$,FALSE
token.EVM.ETH.CUNI.address,CUNI,CUNI,crypto.CUNI.address,crypto.CUNI.address,token.EVM.ETH.address,Ethereum,ETH,token.EVM.address,Ethereum Virtual Machine,EVM,^0x[a-fA-F0-9]{40}$,FALSE
token.EVM.ETH.CUSD.address,Celo Dollar,CUSD,crypto.CUSDC.address,crypto.CUSDC.address,token.EVM.ETH.address,Ethereum,ETH,token.EVM.address,Ethereum Virtual Machine,EVM,^0x[a-fA-F0-9]{40}$,FALSE
token.EVM.ETH.CUSDT.address,Compound USDT,CUSDT,crypto.CUSDT.address,crypto.CUSDT.address,token.EVM.ETH.address,Ethereum,ETH,token.EVM.address,Ethereum Virtual Machine,EVM,^0x[a-fA-F0-9]{40}$,FALSE
token.EVM.ETH.CVC.address,CVC,CVC,crypto.CVC.address,crypto.CVC.address,token.EVM.ETH.address,Ethereum,ETH,token.EVM.address,Ethereum Virtual Machine,EVM,^0x[a-fA-F0-9]{40}$,FALSE
token.EVM.ETH.DAI.address,Dai,DAI,crypto.DAI.address,crypto.DAI.address,token.EVM.ETH.address,Ethereum,ETH,token.EVM.address,Ethereum Virtual Machine,EVM,^0x[a-fA-F0-9]{40}$,FALSE
token.EVM.ETH.DENT.address,DENT,DENT,crypto.DENT.address,crypto.DENT.address,token.EVM.ETH.address,Ethereum,ETH,token.EVM.address,Ethereum Virtual Machine,EVM,^0x[a-fA-F0-9]{40}$,FALSE
token.EVM.ETH.DODO.address,DODO,DODO,crypto.DODO.version.ERC20.address,crypto.DODO.version.ERC20.address,token.EVM.ETH.address,Ethereum,ETH,token.EVM.address,Ethereum Virtual Machine,EVM,^0x[a-fA-F0-9]{40}$,FALSE
token.EVM.ETH.DOGA.address,DOGAMI,DOGA,,,token.EVM.ETH.address,Ethereum,ETH,token.EVM.address,Ethereum Virtual Machine,EVM,^0x[a-fA-F0-9]{40}$,FALSE
token.EVM.ETH.DOG.address,The Doge NFT,DOG,crypto.DOG.version.ERC20.address,crypto.DOG.version.ERC20.address,token.EVM.ETH.address,Ethereum,ETH,token.EVM.address,Ethereum Virtual Machine,EVM,^0x[a-fA-F0-9]{40}$,FALSE
token.EVM.ETH.DONUT.address,Donut,DONUT,,,token.EVM.ETH.address,Ethereum,ETH,token.EVM.address,Ethereum Virtual Machine,EVM,^0x[a-fA-F0-9]{40}$,FALSE
token.EVM.ETH.DPI.address,DPI,DPI,crypto.DPI.version.ERC20.address,crypto.DPI.version.ERC20.address,token.EVM.ETH.address,Ethereum,ETH,token.EVM.address,Ethereum Virtual Machine,EVM,^0x[a-fA-F0-9]{40}$,FALSE
token.EVM.ETH.ENJ.address,Enjin,ENJ,crypto.ENJ.address,crypto.ENJ.address,token.EVM.ETH.address,Ethereum,ETH,token.EVM.address,Ethereum Virtual Machine,EVM,^0x[a-fA-F0-9]{40}$,FALSE
token.EVM.ETH.ETH.address,Ether,ETH,crypto.ETH.address,crypto.ETH.address,token.EVM.ETH.address,Ethereum,ETH,token.EVM.address,Ethereum Virtual Machine,EVM,^0x[a-fA-F0-9]{40}$,FALSE
token.EVM.ETH.EXRD.address,EXRD,EXRD,crypto.EXRD.address,crypto.EXRD.address,token.EVM.ETH.address,Ethereum,ETH,token.EVM.address,Ethereum Virtual Machine,EVM,^0x[a-fA-F0-9]{40}$,FALSE
token.EVM.ETH.FEG.address,FEG,FEG,crypto.FEG.version.ERC20.address,crypto.FEG.version.ERC20.address,token.EVM.ETH.address,Ethereum,ETH,token.EVM.address,Ethereum Virtual Machine,EVM,^0x[a-fA-F0-9]{40}$,FALSE
token.EVM.ETH.FEI.address,FEI,FEI,crypto.FEI.address,crypto.FEI.address,token.EVM.ETH.address,Ethereum,ETH,token.EVM.address,Ethereum Virtual Machine,EVM,^0x[a-fA-F0-9]{40}$,FALSE
token.EVM.ETH.FET.address,Fetch AI,FET,crypto.FET.version.ERC20.address,crypto.FET.version.ERC20.address,token.EVM.ETH.address,Ethereum,ETH,token.EVM.address,Ethereum Virtual Machine,EVM,^0x[a-fA-F0-9]{40}$,FALSE
token.EVM.ETH.FTM.address,Fantom,FTM,crypto.FTM.version.ERC20.address,crypto.FTM.version.ERC20.address,token.EVM.ETH.address,Ethereum,ETH,token.EVM.address,Ethereum Virtual Machine,EVM,^0x[a-fA-F0-9]{40}$,FALSE
token.EVM.ETH.FTT.address,FTT,FTT,crypto.FTT.address,crypto.FTT.address,token.EVM.ETH.address,Ethereum,ETH,token.EVM.address,Ethereum Virtual Machine,EVM,^0x[a-fA-F0-9]{40}$,FALSE
token.EVM.ETH.FUN.address,FUN,FUN,crypto.FUN.address,crypto.FUN.address,token.EVM.ETH.address,Ethereum,ETH,token.EVM.address,Ethereum Virtual Machine,EVM,^0x[a-fA-F0-9]{40}$,FALSE
token.EVM.ETH.FUSE.address,Fuse Network,FUSE,crypto.FUSE.version.ERC20.address,crypto.FUSE.version.ERC20.address,token.EVM.ETH.address,Ethereum,ETH,token.EVM.address,Ethereum Virtual Machine,EVM,^0x[a-fA-F0-9]{40}$,FALSE
token.EVM.ETH.GALA.address,Gala,GALA,crypto.GALA.version.ERC20.address,crypto.GALA.version.ERC20.address,token.EVM.ETH.address,Ethereum,ETH,token.EVM.address,Ethereum Virtual Machine,EVM,^0x[a-fA-F0-9]{40}$,FALSE
token.EVM.ETH.GLM.address,GLM,GLM,crypto.GLM.address,crypto.GLM.address,token.EVM.ETH.address,Ethereum,ETH,token.EVM.address,Ethereum Virtual Machine,EVM,^0x[a-fA-F0-9]{40}$,FALSE
token.EVM.ETH.GNO.address,GNO,GNO,crypto.GNO.address,crypto.GNO.address,token.EVM.ETH.address,Ethereum,ETH,token.EVM.address,Ethereum Virtual Machine,EVM,^0x[a-fA-F0-9]{40}$,FALSE
token.EVM.ETH.GRT.address,GRT,GRT,crypto.GRT.version.ERC20.address,crypto.GRT.version.ERC20.address,token.EVM.ETH.address,Ethereum,ETH,token.EVM.address,Ethereum Virtual Machine,EVM,^0x[a-fA-F0-9]{40}$,FALSE
token.EVM.ETH.GT.address,GT,GT,crypto.GT.address,crypto.GT.address,token.EVM.ETH.address,Ethereum,ETH,token.EVM.address,Ethereum Virtual Machine,EVM,^0x[a-fA-F0-9]{40}$,FALSE
token.EVM.ETH.GTC.address,GTC,GTC,crypto.GTC.address,crypto.GTC.address,token.EVM.ETH.address,Ethereum,ETH,token.EVM.address,Ethereum Virtual Machine,EVM,^0x[a-fA-F0-9]{40}$,FALSE
token.EVM.ETH.GUSD.address,GUSD,GUSD,crypto.GUSD.address,crypto.GUSD.address,token.EVM.ETH.address,Ethereum,ETH,token.EVM.address,Ethereum Virtual Machine,EVM,^0x[a-fA-F0-9]{40}$,FALSE
token.EVM.ETH.HBC.address,HBC,HBC,crypto.HBC.address,crypto.HBC.address,token.EVM.ETH.address,Ethereum,ETH,token.EVM.address,Ethereum Virtual Machine,EVM,^0x[a-fA-F0-9]{40}$,FALSE
token.EVM.ETH.HBTC.address,HBTC,HBTC,crypto.HBTC.version.ERC20.address,crypto.HBTC.version.ERC20.address,token.EVM.ETH.address,Ethereum,ETH,token.EVM.address,Ethereum Virtual Machine,EVM,^0x[a-fA-F0-9]{40}$,FALSE
token.EVM.ETH.HI.address,HI,HI,crypto.HI.version.ERC20.address,crypto.HI.version.ERC20.address,token.EVM.ETH.address,Ethereum,ETH,token.EVM.address,Ethereum Virtual Machine,EVM,^0x[a-fA-F0-9]{40}$,FALSE
token.EVM.ETH.HOT.address,HOT,HOT,crypto.HOT.version.ERC20.address,crypto.HOT.version.ERC20.address,token.EVM.ETH.address,Ethereum,ETH,token.EVM.address,Ethereum Virtual Machine,EVM,^0x[a-fA-F0-9]{40}$,FALSE
token.EVM.ETH.HT.address,Huobi Token,HT,crypto.HT.address,crypto.HT.address,token.EVM.ETH.address,Ethereum,ETH,token.EVM.address,Ethereum Virtual Machine,EVM,^0x[a-fA-F0-9]{40}$,FALSE
token.EVM.ETH.HUSD.address,HUSD,HUSD,crypto.HUSD.version.ERC20.address,crypto.HUSD.version.ERC20.address,token.EVM.ETH.address,Ethereum,ETH,token.EVM.address,Ethereum Virtual Machine,EVM,^0x[a-fA-F0-9]{40}$,FALSE
token.EVM.ETH.HXRO.address,HXRO,HXRO,crypto.HXRO.address,crypto.HXRO.address,token.EVM.ETH.address,Ethereum,ETH,token.EVM.address,Ethereum Virtual Machine,EVM,^0x[a-fA-F0-9]{40}$,FALSE
token.EVM.ETH.INJ.address,INJ,INJ,crypto.INJ.version.ERC20.address,crypto.INJ.version.ERC20.address,token.EVM.ETH.address,Ethereum,ETH,token.EVM.address,Ethereum Virtual Machine,EVM,^0x[a-fA-F0-9]{40}$,FALSE
token.EVM.ETH.IQ.address,IQ,IQ,crypto.IQ.version.ERC20.address,crypto.IQ.version.ERC20.address,token.EVM.ETH.address,Ethereum,ETH,token.EVM.address,Ethereum Virtual Machine,EVM,^0x[a-fA-F0-9]{40}$,FALSE
token.EVM.ETH.KAI.address,KardiaChain,KAI,crypto.KAI.address,crypto.KAI.address,token.EVM.ETH.address,Ethereum,ETH,token.EVM.address,Ethereum Virtual Machine,EVM,^0x[a-fA-F0-9]{40}$,FALSE
token.EVM.ETH.KAVA.address,Kava,KAVA,crypto.KAVA.address,crypto.KAVA.address,token.EVM.ETH.address,Ethereum,ETH,token.EVM.address,Ethereum Virtual Machine,EVM,^0x[a-fA-F0-9]{40}$,FALSE
token.EVM.ETH.KCS.address,KCS,KCS,crypto.KCS.address,crypto.KCS.address,token.EVM.ETH.address,Ethereum,ETH,token.EVM.address,Ethereum Virtual Machine,EVM,^0x[a-fA-F0-9]{40}$,FALSE
token.EVM.ETH.KEEP.address,KEEP,KEEP,crypto.KEEP.version.ERC20.address,crypto.KEEP.version.ERC20.address,token.EVM.ETH.address,Ethereum,ETH,token.EVM.address,Ethereum Virtual Machine,EVM,^0x[a-fA-F0-9]{40}$,FALSE
token.EVM.ETH.KNCL.address,KNCL,KNCL,crypto.KNCL.version.ERC20.address,crypto.KNCL.version.ERC20.address,token.EVM.ETH.address,Ethereum,ETH,token.EVM.address,Ethereum Virtual Machine,EVM,^0x[a-fA-F0-9]{40}$,FALSE
token.EVM.ETH.KOBE.address,KOBE,KOBE,crypto.KOBE.address,crypto.KOBE.address,token.EVM.ETH.address,Ethereum,ETH,token.EVM.address,Ethereum Virtual Machine,EVM,^0x[a-fA-F0-9]{40}$,FALSE
token.EVM.ETH.LEND.address,LEND,LEND,crypto.LEND.address,crypto.LEND.address,token.EVM.ETH.address,Ethereum,ETH,token.EVM.address,Ethereum Virtual Machine,EVM,^0x[a-fA-F0-9]{40}$,FALSE
token.EVM.ETH.LEO.address,LEO,LEO,crypto.LEO.address,crypto.LEO.address,token.EVM.ETH.address,Ethereum,ETH,token.EVM.address,Ethereum Virtual Machine,EVM,^0x[a-fA-F0-9]{40}$,FALSE
token.EVM.ETH.LINK.address,Chainlink,LINK,crypto.LINK.address,crypto.LINK.address,token.EVM.ETH.address,Ethereum,ETH,token.EVM.address,Ethereum Virtual Machine,EVM,^0x[a-fA-F0-9]{40}$,FALSE
token.EVM.ETH.LOC.address,LOC,LOC,crypto.LOC.address,crypto.LOC.address,token.EVM.ETH.address,Ethereum,ETH,token.EVM.address,Ethereum Virtual Machine,EVM,^0x[a-fA-F0-9]{40}$,FALSE
token.EVM.ETH.LPT.address,LPT,LPT,crypto.LPT.version.ERC20.address,crypto.LPT.version.ERC20.address,token.EVM.ETH.address,Ethereum,ETH,token.EVM.address,Ethereum Virtual Machine,EVM,^0x[a-fA-F0-9]{40}$,FALSE
token.EVM.ETH.LRC.address,Loopring,LRC,crypto.LRC.address,crypto.LRC.address,token.EVM.ETH.address,Ethereum,ETH,token.EVM.address,Ethereum Virtual Machine,EVM,^0x[a-fA-F0-9]{40}$,FALSE
token.EVM.ETH.LUSD.address,LUSD,LUSD,crypto.LUSD.version.ERC20.address,crypto.LUSD.version.ERC20.address,token.EVM.ETH.address,Ethereum,ETH,token.EVM.address,Ethereum Virtual Machine,EVM,^0x[a-fA-F0-9]{40}$,FALSE
token.EVM.ETH.MANA.address,Decentraland,MANA,crypto.MANA.version.ERC20.address,crypto.MANA.version.ERC20.address,token.EVM.ETH.address,Ethereum,ETH,token.EVM.address,Ethereum Virtual Machine,EVM,^0x[a-fA-F0-9]{40}$,FALSE
token.EVM.ETH.MATH.address,MATH,MATH,crypto.MATH.address,crypto.MATH.address,token.EVM.ETH.address,Ethereum,ETH,token.EVM.address,Ethereum Virtual Machine,EVM,^0x[a-fA-F0-9]{40}$,FALSE
token.EVM.ETH.MATIC.address,Polygon (MATIC),MATIC,crypto.MATIC.version.ERC20.address,crypto.MATIC.version.ERC20.address,token.EVM.ETH.address,Ethereum,ETH,token.EVM.address,Ethereum Virtual Machine,EVM,^0x[a-fA-F0-9]{40}$,FALSE
token.EVM.ETH.MCONTENT.address,MContent,MCONTENT,crypto.MCONTENT.version.ERC20.address,crypto.MCONTENT.version.ERC20.address,token.EVM.ETH.address,Ethereum,ETH,token.EVM.address,Ethereum Virtual Machine,EVM,^0x[a-fA-F0-9]{40}$,FALSE
token.EVM.ETH.MIR.address,MIR,MIR,crypto.MIR.version.ERC20.address,crypto.MIR.version.ERC20.address,token.EVM.ETH.address,Ethereum,ETH,token.EVM.address,Ethereum Virtual Machine,EVM,^0x[a-fA-F0-9]{40}$,FALSE
token.EVM.ETH.MKR.address,MKR,MKR,crypto.MKR.address,crypto.MKR.address,token.EVM.ETH.address,Ethereum,ETH,token.EVM.address,Ethereum Virtual Machine,EVM,^0x[a-fA-F0-9]{40}$,FALSE
token.EVM.ETH.MOON.address,Moon,MOON,,,token.EVM.ETH.address,Ethereum,ETH,token.EVM.address,Ethereum Virtual Machine,EVM,^0x[a-fA-F0-9]{40}$,FALSE
token.EVM.ETH.MTA.address,MTA,MTA,crypto.MTA.address,crypto.MTA.address,token.EVM.ETH.address,Ethereum,ETH,token.EVM.address,Ethereum Virtual Machine,EVM,^0x[a-fA-F0-9]{40}$,FALSE
token.EVM.ETH.MTL.address,MTL,MTL,crypto.MTL.address,crypto.MTL.address,token.EVM.ETH.address,Ethereum,ETH,token.EVM.address,Ethereum Virtual Machine,EVM,^0x[a-fA-F0-9]{40}$,FALSE
token.EVM.ETH.NEXO.address,Nexo,NEXO,crypto.NEXO.version.ERC20.address,crypto.NEXO.version.ERC20.address,token.EVM.ETH.address,Ethereum,ETH,token.EVM.address,Ethereum Virtual Machine,EVM,^0x[a-fA-F0-9]{40}$,FALSE
token.EVM.ETH.NMR.address,NMR,NMR,crypto.NMR.address,crypto.NMR.address,token.EVM.ETH.address,Ethereum,ETH,token.EVM.address,Ethereum Virtual Machine,EVM,^0x[a-fA-F0-9]{40}$,FALSE
token.EVM.ETH.NPC.address,Non-Playable Coin,NPC,,,token.EVM.ETH.address,Ethereum,ETH,token.EVM.address,Ethereum Virtual Machine,EVM,^0x[a-fA-F0-9]{40}$,FALSE
token.EVM.ETH.NPXS.address,NPXS,NPXS,crypto.NPXS.address,crypto.NPXS.address,token.EVM.ETH.address,Ethereum,ETH,token.EVM.address,Ethereum Virtual Machine,EVM,^0x[a-fA-F0-9]{40}$,FALSE
token.EVM.ETH.NU.address,NU,NU,crypto.NU.address,crypto.NU.address,token.EVM.ETH.address,Ethereum,ETH,token.EVM.address,Ethereum Virtual Machine,EVM,^0x[a-fA-F0-9]{40}$,FALSE
token.EVM.ETH.NXM.address,NXM,NXM,crypto.NXM.address,crypto.NXM.address,token.EVM.ETH.address,Ethereum,ETH,token.EVM.address,Ethereum Virtual Machine,EVM,^0x[a-fA-F0-9]{40}$,FALSE
token.EVM.ETH.OCEAN.address,OCEAN,OCEAN,crypto.OCEAN.address,crypto.OCEAN.address,token.EVM.ETH.address,Ethereum,ETH,token.EVM.address,Ethereum Virtual Machine,EVM,^0x[a-fA-F0-9]{40}$,FALSE
token.EVM.ETH.OGN.address,OGN,OGN,crypto.OGN.address,crypto.OGN.address,token.EVM.ETH.address,Ethereum,ETH,token.EVM.address,Ethereum Virtual Machine,EVM,^0x[a-fA-F0-9]{40}$,FALSE
token.EVM.ETH.OMG.address,OMG,OMG,crypto.OMG.address,crypto.OMG.address,token.EVM.ETH.address,Ethereum,ETH,token.EVM.address,Ethereum Virtual Machine,EVM,^0x[a-fA-F0-9]{40}$,FALSE
token.EVM.ETH.OMI.address,OMI,OMI,crypto.OMI.address,crypto.OMI.address,token.EVM.ETH.address,Ethereum,ETH,token.EVM.address,Ethereum Virtual Machine,EVM,^0x[a-fA-F0-9]{40}$,FALSE
token.EVM.ETH.ORBS.address,ORBS,ORBS,crypto.ORBS.address,crypto.ORBS.address,token.EVM.ETH.address,Ethereum,ETH,token.EVM.address,Ethereum Virtual Machine,EVM,^0x[a-fA-F0-9]{40}$,FALSE
token.EVM.ETH.ORN.address,ORN,ORN,crypto.ORN.address,crypto.ORN.address,token.EVM.ETH.address,Ethereum,ETH,token.EVM.address,Ethereum Virtual Machine,EVM,^0x[a-fA-F0-9]{40}$,FALSE
token.EVM.ETH.OXT.address,OXT,OXT,crypto.OXT.address,crypto.OXT.address,token.EVM.ETH.address,Ethereum,ETH,token.EVM.address,Ethereum Virtual Machine,EVM,^0x[a-fA-F0-9]{40}$,FALSE
token.EVM.ETH.OXY.address,OXY,OXY,crypto.OXY.version.ERC20.address,crypto.OXY.version.ERC20.address,token.EVM.ETH.address,Ethereum,ETH,token.EVM.address,Ethereum Virtual Machine,EVM,^0x[a-fA-F0-9]{40}$,FALSE
token.EVM.ETH.PAX.address,PAX,PAX,crypto.PAX.address,crypto.PAX.address,token.EVM.ETH.address,Ethereum,ETH,token.EVM.address,Ethereum Virtual Machine,EVM,^0x[a-fA-F0-9]{40}$,FALSE
token.EVM.ETH.PAXG.address,PAXG,PAXG,crypto.PAXG.version.ERC20.address,crypto.PAXG.version.ERC20.address,token.EVM.ETH.address,Ethereum,ETH,token.EVM.address,Ethereum Virtual Machine,EVM,^0x[a-fA-F0-9]{40}$,FALSE
token.EVM.ETH.PERP.address,PERP,PERP,crypto.PERP.address,crypto.PERP.address,token.EVM.ETH.address,Ethereum,ETH,token.EVM.address,Ethereum Virtual Machine,EVM,^0x[a-fA-F0-9]{40}$,FALSE
token.EVM.ETH.POL.address,Polygon,POL,,,token.EVM.ETH.address,Ethereum,ETH,token.EVM.address,Ethereum Virtual Machine,EVM,^0x[a-fA-F0-9]{40}$,FALSE
token.EVM.ETH.POLY.address,Polymath,POLY,crypto.POLY.address,crypto.POLY.address,token.EVM.ETH.address,Ethereum,ETH,token.EVM.address,Ethereum Virtual Machine,EVM,^0x[a-fA-F0-9]{40}$,FALSE
token.EVM.ETH.PROM.address,PROM,PROM,crypto.PROM.address,crypto.PROM.address,token.EVM.ETH.address,Ethereum,ETH,token.EVM.address,Ethereum Virtual Machine,EVM,^0x[a-fA-F0-9]{40}$,FALSE
token.EVM.ETH.PUNDIX.address,PUNDIX,PUNDIX,crypto.PUNDIX.address,crypto.PUNDIX.address,token.EVM.ETH.address,Ethereum,ETH,token.EVM.address,Ethereum Virtual Machine,EVM,^0x[a-fA-F0-9]{40}$,FALSE
token.EVM.ETH.QNT.address,QNT,QNT,crypto.QNT.address,crypto.QNT.address,token.EVM.ETH.address,Ethereum,ETH,token.EVM.address,Ethereum Virtual Machine,EVM,^0x[a-fA-F0-9]{40}$,FALSE
token.EVM.ETH.RAY.address,RAY,RAY,crypto.RAY.address,crypto.RAY.address,token.EVM.ETH.address,Ethereum,ETH,token.EVM.address,Ethereum Virtual Machine,EVM,^0x[a-fA-F0-9]{40}$,FALSE
token.EVM.ETH.REEF.address,REEF,REEF,crypto.REEF.version.ERC20.address,crypto.REEF.version.ERC20.address,token.EVM.ETH.address,Ethereum,ETH,token.EVM.address,Ethereum Virtual Machine,EVM,^0x[a-fA-F0-9]{40}$,FALSE
token.EVM.ETH.REN.address,REN,REN,crypto.REN.version.ERC20.address,crypto.REN.version.ERC20.address,token.EVM.ETH.address,Ethereum,ETH,token.EVM.address,Ethereum Virtual Machine,EVM,^0x[a-fA-F0-9]{40}$,FALSE
token.EVM.ETH.RENBTC.address,RENBTC,RENBTC,crypto.RENBTC.version.ERC20.address,crypto.RENBTC.version.ERC20.address,token.EVM.ETH.address,Ethereum,ETH,token.EVM.address,Ethereum Virtual Machine,EVM,^0x[a-fA-F0-9]{40}$,FALSE
token.EVM.ETH.REP.address,Augur,REP,crypto.REP.address,crypto.REP.address,token.EVM.ETH.address,Ethereum,ETH,token.EVM.address,Ethereum Virtual Machine,EVM,^0x[a-fA-F0-9]{40}$,FALSE
token.EVM.ETH.RETARDIO.address,RETARDIO,RETARDIO,,,token.EVM.ETH.address,Ethereum,ETH,token.EVM.address,Ethereum Virtual Machine,EVM,^0x[a-fA-F0-9]{40}$,FALSE
token.EVM.ETH.RLC.address,RLC,RLC,crypto.RLC.address,crypto.RLC.address,token.EVM.ETH.address,Ethereum,ETH,token.EVM.address,Ethereum Virtual Machine,EVM,^0x[a-fA-F0-9]{40}$,FALSE
token.EVM.ETH.RPL.address,RPL,RPL,crypto.RPL.address,crypto.RPL.address,token.EVM.ETH.address,Ethereum,ETH,token.EVM.address,Ethereum Virtual Machine,EVM,^0x[a-fA-F0-9]{40}$,FALSE
token.EVM.ETH.RSR.address,RSR,RSR,crypto.RSR.address,crypto.RSR.address,token.EVM.ETH.address,Ethereum,ETH,token.EVM.address,Ethereum Virtual Machine,EVM,^0x[a-fA-F0-9]{40}$,FALSE
token.EVM.ETH.SAND.address,The Sandbox,SAND,crypto.SAND.version.ERC20.address,crypto.SAND.version.ERC20.address,token.EVM.ETH.address,Ethereum,ETH,token.EVM.address,Ethereum Virtual Machine,EVM,^0x[a-fA-F0-9]{40}$,FALSE
token.EVM.ETH.SETH.address,SETH,SETH,crypto.SETH.address,crypto.SETH.address,token.EVM.ETH.address,Ethereum,ETH,token.EVM.address,Ethereum Virtual Machine,EVM,^0x[a-fA-F0-9]{40}$,FALSE
token.EVM.ETH.SEUR.address,SEUR,SEUR,crypto.SEUR.address,crypto.SEUR.address,token.EVM.ETH.address,Ethereum,ETH,token.EVM.address,Ethereum Virtual Machine,EVM,^0x[a-fA-F0-9]{40}$,FALSE
token.EVM.ETH.SHIB.address,Shiba Inu,SHIB,crypto.SHIB.version.ERC20.address,crypto.SHIB.version.ERC20.address,token.EVM.ETH.address,Ethereum,ETH,token.EVM.address,Ethereum Virtual Machine,EVM,^0x[a-fA-F0-9]{40}$,FALSE
token.EVM.ETH.SKL.address,SKL,SKL,crypto.SKL.address,crypto.SKL.address,token.EVM.ETH.address,Ethereum,ETH,token.EVM.address,Ethereum Virtual Machine,EVM,^0x[a-fA-F0-9]{40}$,FALSE
token.EVM.ETH.SNT.address,SNT,SNT,crypto.SNT.address,crypto.SNT.address,token.EVM.ETH.address,Ethereum,ETH,token.EVM.address,Ethereum Virtual Machine,EVM,^0x[a-fA-F0-9]{40}$,FALSE
token.EVM.ETH.SNX.address,SNX,SNX,crypto.SNX.version.ERC20.address,crypto.SNX.version.ERC20.address,token.EVM.ETH.address,Ethereum,ETH,token.EVM.address,Ethereum Virtual Machine,EVM,^0x[a-fA-F0-9]{40}$,FALSE
token.EVM.ETH.SRM.address,SRM,SRM,crypto.SRM.version.ERC20.address,crypto.SRM.version.ERC20.address,token.EVM.ETH.address,Ethereum,ETH,token.EVM.address,Ethereum Virtual Machine,EVM,^0x[a-fA-F0-9]{40}$,FALSE
token.EVM.ETH.STETH.address,STETH,STETH,crypto.STETH.address,crypto.STETH.address,token.EVM.ETH.address,Ethereum,ETH,token.EVM.address,Ethereum Virtual Machine,EVM,^0x[a-fA-F0-9]{40}$,FALSE
token.EVM.ETH.STMX.address,STMX,STMX,crypto.STMX.address,crypto.STMX.address,token.EVM.ETH.address,Ethereum,ETH,token.EVM.address,Ethereum Virtual Machine,EVM,^0x[a-fA-F0-9]{40}$,FALSE
token.EVM.ETH.STORJ.address,STORJ,STORJ,crypto.STORJ.version.ERC20.address,crypto.STORJ.version.ERC20.address,token.EVM.ETH.address,Ethereum,ETH,token.EVM.address,Ethereum Virtual Machine,EVM,^0x[a-fA-F0-9]{40}$,FALSE
token.EVM.ETH.STRAX.address,STRAX,STRAX,crypto.STRAX.address,crypto.STRAX.address,token.EVM.ETH.address,Ethereum,ETH,token.EVM.address,Ethereum Virtual Machine,EVM,^0x[a-fA-F0-9]{40}$,FALSE
token.EVM.ETH.SUSD.address,sUSD,SUSD,crypto.SUSD.version.ERC20.address,crypto.SUSD.version.ERC20.address,token.EVM.ETH.address,Ethereum,ETH,token.EVM.address,Ethereum Virtual Machine,EVM,^0x[a-fA-F0-9]{40}$,FALSE
token.EVM.ETH.SUSHI.address,SUSHI,SUSHI,crypto.SUSHI.version.ERC20.address,crypto.SUSHI.version.ERC20.address,token.EVM.ETH.address,Ethereum,ETH,token.EVM.address,Ethereum Virtual Machine,EVM,^0x[a-fA-F0-9]{40}$,FALSE
token.EVM.ETH.SVCS.address,SVCS,SVCS,crypto.SVCS.address,crypto.SVCS.address,token.EVM.ETH.address,Ethereum,ETH,token.EVM.address,Ethereum Virtual Machine,EVM,^0x[a-fA-F0-9]{40}$,FALSE
token.EVM.ETH.SWEAT.address,SWEAT,SWEAT,crypto.SWEAT.version.ERC20.address,crypto.SWEAT.version.ERC20.address,token.EVM.ETH.address,Ethereum,ETH,token.EVM.address,Ethereum Virtual Machine,EVM,^0x[a-fA-F0-9]{40}$,FALSE
token.EVM.ETH.SWTH.address,Switcheo,SWTH,crypto.SWTH.address,crypto.SWTH.address,token.EVM.ETH.address,Ethereum,ETH,token.EVM.address,Ethereum Virtual Machine,EVM,^0x[a-fA-F0-9]{40}$,FALSE
token.EVM.ETH.SXP.address,SXP,SXP,crypto.SXP.version.ERC20.address,crypto.SXP.version.ERC20.address,token.EVM.ETH.address,Ethereum,ETH,token.EVM.address,Ethereum Virtual Machine,EVM,^0x[a-fA-F0-9]{40}$,FALSE
token.EVM.ETH.TEL.address,TEL,TEL,crypto.TEL.version.ERC20.address,crypto.TEL.version.ERC20.address,token.EVM.ETH.address,Ethereum,ETH,token.EVM.address,Ethereum Virtual Machine,EVM,^0x[a-fA-F0-9]{40}$,FALSE
token.EVM.ETH.TITAN.address,TITAN,TITAN,crypto.TITAN.address,crypto.TITAN.address,token.EVM.ETH.address,Ethereum,ETH,token.EVM.address,Ethereum Virtual Machine,EVM,^0x[a-fA-F0-9]{40}$,FALSE
token.EVM.ETH.TLM.address,TLM,TLM,crypto.TLM.address,crypto.TLM.address,token.EVM.ETH.address,Ethereum,ETH,token.EVM.address,Ethereum Virtual Machine,EVM,^0x[a-fA-F0-9]{40}$,FALSE
token.EVM.ETH.TLOS.address,Telos,TLOS,crypto.TLOS.address,crypto.TLOS.address,token.EVM.ETH.address,Ethereum,ETH,token.EVM.address,Ethereum Virtual Machine,EVM,^0x[a-fA-F0-9]{40}$,FALSE
token.EVM.ETH.TRIBE.address,TRIBE,TRIBE,crypto.TRIBE.address,crypto.TRIBE.address,token.EVM.ETH.address,Ethereum,ETH,token.EVM.address,Ethereum Virtual Machine,EVM,^0x[a-fA-F0-9]{40}$,FALSE
token.EVM.ETH.TUSD.address,TrueUSD,TUSD,crypto.TUSD.version.ERC20.address,crypto.TUSD.version.ERC20.address,token.EVM.ETH.address,Ethereum,ETH,token.EVM.address,Ethereum Virtual Machine,EVM,^0x[a-fA-F0-9]{40}$,FALSE
token.EVM.ETH.UBT.address,UBT,UBT,crypto.UBT.version.ERC20.address,crypto.UBT.version.ERC20.address,token.EVM.ETH.address,Ethereum,ETH,token.EVM.address,Ethereum Virtual Machine,EVM,^0x[a-fA-F0-9]{40}$,FALSE
token.EVM.ETH.UCASH.address,Universal Cash,UCASH,,,token.EVM.ETH.address,Ethereum,ETH,token.EVM.address,Ethereum Virtual Machine,EVM,^0x[a-fA-F0-9]{40}$,FALSE
token.EVM.ETH.UMA.address,UMA,UMA,crypto.UMA.address,crypto.UMA.address,token.EVM.ETH.address,Ethereum,ETH,token.EVM.address,Ethereum Virtual Machine,EVM,^0x[a-fA-F0-9]{40}$,FALSE
token.EVM.ETH.UNI.address,Uniswap,UNI,crypto.UNI.version.ERC20.address,crypto.UNI.version.ERC20.address,token.EVM.ETH.address,Ethereum,ETH,token.EVM.address,Ethereum Virtual Machine,EVM,^0x[a-fA-F0-9]{40}$,FALSE
token.EVM.ETH.UOS.address,UOS,UOS,crypto.UOS.address,crypto.UOS.address,token.EVM.ETH.address,Ethereum,ETH,token.EVM.address,Ethereum Virtual Machine,EVM,^0x[a-fA-F0-9]{40}$,FALSE
token.EVM.ETH.UQC.address,UQC,UQC,crypto.UQC.address,crypto.UQC.address,token.EVM.ETH.address,Ethereum,ETH,token.EVM.address,Ethereum Virtual Machine,EVM,^0x[a-fA-F0-9]{40}$,FALSE
token.EVM.ETH.USDC.address,USD Coin,USDC,crypto.USDC.version.ERC20.address|crypto.USDC.address,crypto.USDC.version.ERC20.address,token.EVM.ETH.address,Ethereum,ETH,token.EVM.address,Ethereum Virtual Machine,EVM,^0x[a-fA-F0-9]{40}$,FALSE
token.EVM.ETH.USDN.address,USDN,USDN,crypto.USDN.address,crypto.USDN.address,token.EVM.ETH.address,Ethereum,ETH,token.EVM.address,Ethereum Virtual Machine,EVM,^0x[a-fA-F0-9]{40}$,FALSE
token.EVM.ETH.USDP.address,USDP,USDP,crypto.USDP.address,crypto.USDP.address,token.EVM.ETH.address,Ethereum,ETH,token.EVM.address,Ethereum Virtual Machine,EVM,^0x[a-fA-F0-9]{40}$,FALSE
token.EVM.ETH.USDT.address,Tether,USDT,crypto.USDT.version.ERC20.address,crypto.USDT.version.ERC20.address,token.EVM.ETH.address,Ethereum,ETH,token.EVM.address,Ethereum Virtual Machine,EVM,^0x[a-fA-F0-9]{40}$,FALSE
token.EVM.ETH.VERSE.address,Verse,VERSE,crypto.VERSE.address,crypto.VERSE.address,token.EVM.ETH.address,Ethereum,ETH,token.EVM.address,Ethereum Virtual Machine,EVM,^0x[a-fA-F0-9]{40}$,FALSE
token.EVM.ETH.VGX.address,VGX,VGX,crypto.VGX.address,crypto.VGX.address,token.EVM.ETH.address,Ethereum,ETH,token.EVM.address,Ethereum Virtual Machine,EVM,^0x[a-fA-F0-9]{40}$,FALSE
token.EVM.ETH.WBTC.address,Wrapped Bitcoin,WBTC,crypto.WBTC.version.ERC20.address,crypto.WBTC.version.ERC20.address,token.EVM.ETH.address,Ethereum,ETH,token.EVM.address,Ethereum Virtual Machine,EVM,^0x[a-fA-F0-9]{40}$,FALSE
token.EVM.ETH.WETH.address,Wrapped Ether,WETH,crypto.WETH.version.ERC20.address,crypto.WETH.version.ERC20.address,token.EVM.ETH.address,Ethereum,ETH,token.EVM.address,Ethereum Virtual Machine,EVM,^0x[a-fA-F0-9]{40}$,FALSE
token.EVM.ETH.WIN.address,WIN,WIN,crypto.WIN.address,crypto.WIN.address,token.EVM.ETH.address,Ethereum,ETH,token.EVM.address,Ethereum Virtual Machine,EVM,^0x[a-fA-F0-9]{40}$,FALSE
token.EVM.ETH.WOO.address,WOO,WOO,crypto.WOO.version.ERC20.address,crypto.WOO.version.ERC20.address,token.EVM.ETH.address,Ethereum,ETH,token.EVM.address,Ethereum Virtual Machine,EVM,^0x[a-fA-F0-9]{40}$,FALSE
token.EVM.ETH.XAUT.address,XAUT,XAUT,crypto.XAUT.address,crypto.XAUT.address,token.EVM.ETH.address,Ethereum,ETH,token.EVM.address,Ethereum Virtual Machine,EVM,^0x[a-fA-F0-9]{40}$,FALSE
token.EVM.ETH.XSUSHI.address,XSUSHI,XSUSHI,crypto.XSUSHI.address,crypto.XSUSHI.address,token.EVM.ETH.address,Ethereum,ETH,token.EVM.address,Ethereum Virtual Machine,EVM,^0x[a-fA-F0-9]{40}$,FALSE
token.EVM.ETH.YFI.address,yearn.finance,YFI,crypto.YFI.address,crypto.YFI.address,token.EVM.ETH.address,Ethereum,ETH,token.EVM.address,Ethereum Virtual Machine,EVM,^0x[a-fA-F0-9]{40}$,FALSE
token.EVM.ETH.YLD.address,Yield App,YLD,crypto.YLD.address,crypto.YLD.address,token.EVM.ETH.address,Ethereum,ETH,token.EVM.address,Ethereum Virtual Machine,EVM,^0x[a-fA-F0-9]{40}$,FALSE
token.EVM.ETH.ZKS.address,ZKS,ZKS,crypto.ZKS.address,crypto.ZKS.address,token.EVM.ETH.address,Ethereum,ETH,token.EVM.address,Ethereum Virtual Machine,EVM,^0x[a-fA-F0-9]{40}$,FALSE
token.EVM.ETH.ZMT.address,ZMT,ZMT,crypto.ZMT.address,crypto.ZMT.address,token.EVM.ETH.address,Ethereum,ETH,token.EVM.address,Ethereum Virtual Machine,EVM,^0x[a-fA-F0-9]{40}$,FALSE
token.EVM.ETH.ZRX.address,0x,ZRX,crypto.ZRX.address,crypto.ZRX.address,token.EVM.ETH.address,Ethereum,ETH,token.EVM.address,Ethereum Virtual Machine,EVM,^0x[a-fA-F0-9]{40}$,FALSE
token.EVM.FLR.FLR.address,Flare,FLR,crypto.FLR.address,crypto.FLR.address,token.EVM.FLR.address,Flare,FLR,token.EVM.address,Ethereum Virtual Machine,EVM,^0x[a-fA-F0-9]{40}$,FALSE
token.EVM.FLR.SGB.address,Songbird,SGB,crypto.SGB.address,crypto.SGB.address,token.EVM.FLR.address,Flare,FLR,token.EVM.address,Ethereum Virtual Machine,EVM,^0x[a-fA-F0-9]{40}$,FALSE
token.EVM.FTM.AAVE.address,AAVE (LEND),AAVE,crypto.AAVE.version.FANTOM.address,crypto.AAVE.version.FANTOM.address,token.EVM.FTM.address,Fantom,FTM,token.EVM.address,Ethereum Virtual Machine,EVM,^0x[a-fA-F0-9]{40}$,FALSE
token.EVM.FTM.BAND.address,BAND,BAND,crypto.BAND.version.FANTOM.address,crypto.BAND.version.FANTOM.address,token.EVM.FTM.address,Fantom,FTM,token.EVM.address,Ethereum Virtual Machine,EVM,^0x[a-fA-F0-9]{40}$,FALSE
token.EVM.FTM.CEL.address,Celsius,CEL,crypto.CEL.version.FANTOM.address,crypto.CEL.version.FANTOM.address,token.EVM.FTM.address,Fantom,FTM,token.EVM.address,Ethereum Virtual Machine,EVM,^0x[a-fA-F0-9]{40}$,FALSE
token.EVM.FTM.CRV.address,CRV,CRV,crypto.CRV.version.FANTOM.address,crypto.CRV.version.FANTOM.address,token.EVM.FTM.address,Fantom,FTM,token.EVM.address,Ethereum Virtual Machine,EVM,^0x[a-fA-F0-9]{40}$,FALSE
token.EVM.FTM.FTM.address,Fantom,FTM,crypto.FTM.version.OPERA.address,crypto.FTM.version.OPERA.address,token.EVM.FTM.address,Fantom,FTM,token.EVM.address,Ethereum Virtual Machine,EVM,^0x[a-fA-F0-9]{40}$,FALSE
token.EVM.FTM.KNCL.address,KNCL,KNCL,crypto.KNCL.version.FANTOM.address,crypto.KNCL.version.FANTOM.address,token.EVM.FTM.address,Fantom,FTM,token.EVM.address,Ethereum Virtual Machine,EVM,^0x[a-fA-F0-9]{40}$,FALSE
token.EVM.FTM.NEXO.address,Nexo,NEXO,crypto.NEXO.version.FANTOM.address,crypto.NEXO.version.FANTOM.address,token.EVM.FTM.address,Fantom,FTM,token.EVM.address,Ethereum Virtual Machine,EVM,^0x[a-fA-F0-9]{40}$,FALSE
token.EVM.FTM.SHIB.address,Shiba Inu,SHIB,crypto.SHIB.version.FANTOM.address,crypto.SHIB.version.FANTOM.address,token.EVM.FTM.address,Fantom,FTM,token.EVM.address,Ethereum Virtual Machine,EVM,^0x[a-fA-F0-9]{40}$,FALSE
token.EVM.FTM.SNX.address,SNX,SNX,crypto.SNX.version.FANTOM.address,crypto.SNX.version.FANTOM.address,token.EVM.FTM.address,Fantom,FTM,token.EVM.address,Ethereum Virtual Machine,EVM,^0x[a-fA-F0-9]{40}$,FALSE
token.EVM.FTM.SUSD.address,sUSD,SUSD,crypto.SUSD.version.FANTOM.address,crypto.SUSD.version.FANTOM.address,token.EVM.FTM.address,Fantom,FTM,token.EVM.address,Ethereum Virtual Machine,EVM,^0x[a-fA-F0-9]{40}$,FALSE
token.EVM.FTM.SUSHI.address,SUSHI,SUSHI,crypto.SUSHI.version.FANTOM.address,crypto.SUSHI.version.FANTOM.address,token.EVM.FTM.address,Fantom,FTM,token.EVM.address,Ethereum Virtual Machine,EVM,^0x[a-fA-F0-9]{40}$,FALSE
token.EVM.FTM.WBTC.address,Wrapped Bitcoin,WBTC,crypto.WBTC.version.FANTOM.address,crypto.WBTC.version.FANTOM.address,token.EVM.FTM.address,Fantom,FTM,token.EVM.address,Ethereum Virtual Machine,EVM,^0x[a-fA-F0-9]{40}$,FALSE
token.EVM.FUSE.FUSE.address,Fuse Network,FUSE,crypto.FUSE.version.FUSE.address,crypto.FUSE.version.FUSE.address,token.EVM.FUSE.address,Fuse,FUSE,token.EVM.address,Ethereum Virtual Machine,EVM,^0x[a-fA-F0-9]{40}$,FALSE
token.EVM.GTH.GTH.address,Gather,GTH,crypto.GTH.address,crypto.GTH.address,token.EVM.GTH.address,Gather,GTH,token.EVM.address,Ethereum Virtual Machine,EVM,^0x[a-fA-F0-9]{40}$,FALSE
token.EVM.HYDRA.HYDRA.address,Hydra,HYDRA,crypto.HYDRA.address,crypto.HYDRA.address,token.EVM.HYDRA.address,Hydra,HYDRA,token.EVM.address,Ethereum Virtual Machine,EVM,^0x[a-fA-F0-9]{40}$,FALSE
token.EVM.IOTX.IOTX.address,IOTX,IOTX,crypto.IOTX.address,crypto.IOTX.address,token.EVM.IOTX.address,IoTeX,IOTX,token.EVM.address,Ethereum Virtual Machine,EVM,^0x[a-fA-F0-9]{40}$,FALSE
token.EVM.KLAY.KLAY.address,Klaytn,KLAY,crypto.KLAY.address,crypto.KLAY.address,token.EVM.KLAY.address,Kaia,KLAY,token.EVM.address,Ethereum Virtual Machine,EVM,^0x[a-fA-F0-9]{40}$,FALSE
token.EVM.MATIC.1INCH.address,1inch,1INCH,crypto.1INCH.version.MATIC.address,crypto.1INCH.version.MATIC.address,token.EVM.MATIC.address,Polygon PoS,MATIC,token.EVM.address,Ethereum Virtual Machine,EVM,^0x[a-fA-F0-9]{40}$,FALSE
token.EVM.MATIC.AAVE.address,AAVE (LEND),AAVE,crypto.AAVE.version.MATIC.address,crypto.AAVE.version.MATIC.address,token.EVM.MATIC.address,Polygon PoS,MATIC,token.EVM.address,Ethereum Virtual Machine,EVM,^0x[a-fA-F0-9]{40}$,FALSE
token.EVM.MATIC.B2M.address,Bit2Me,B2M,crypto.B2M.version.MATIC.address,crypto.B2M.version.MATIC.address,token.EVM.MATIC.address,Polygon PoS,MATIC,token.EVM.address,Ethereum Virtual Machine,EVM,^0x[a-fA-F0-9]{40}$,FALSE
token.EVM.MATIC.CAW.address,crow with knife,CAW,,,token.EVM.MATIC.address,Polygon PoS,MATIC,token.EVM.address,Ethereum Virtual Machine,EVM,^0x[a-fA-F0-9]{40}$,FALSE
token.EVM.MATIC.CEL.address,Celsius,CEL,crypto.CEL.version.MATIC.address,crypto.CEL.version.MATIC.address,token.EVM.MATIC.address,Polygon PoS,MATIC,token.EVM.address,Ethereum Virtual Machine,EVM,^0x[a-fA-F0-9]{40}$,FALSE
token.EVM.MATIC.CRV.address,CRV,CRV,crypto.CRV.version.MATIC.address,crypto.CRV.version.MATIC.address,token.EVM.MATIC.address,Polygon PoS,MATIC,token.EVM.address,Ethereum Virtual Machine,EVM,^0x[a-fA-F0-9]{40}$,FALSE
token.EVM.MATIC.CTSI.address,CTSI,CTSI,crypto.CTSI.version.MATIC.address,crypto.CTSI.version.MATIC.address,token.EVM.MATIC.address,Polygon PoS,MATIC,token.EVM.address,Ethereum Virtual Machine,EVM,^0x[a-fA-F0-9]{40}$,FALSE
token.EVM.MATIC.DOGA.address,DOGAMI,DOGA,,,token.EVM.MATIC.address,Polygon PoS,MATIC,token.EVM.address,Ethereum Virtual Machine,EVM,^0x[a-fA-F0-9]{40}$,FALSE
token.EVM.MATIC.DOG.address,The Doge NFT,DOG,crypto.DOG.version.MATIC.address,crypto.DOG.version.MATIC.address,token.EVM.MATIC.address,Polygon PoS,MATIC,token.EVM.address,Ethereum Virtual Machine,EVM,^0x[a-fA-F0-9]{40}$,FALSE
token.EVM.MATIC.DPI.address,DPI,DPI,crypto.DPI.version.MATIC.address,crypto.DPI.version.MATIC.address,token.EVM.MATIC.address,Polygon PoS,MATIC,token.EVM.address,Ethereum Virtual Machine,EVM,^0x[a-fA-F0-9]{40}$,FALSE
token.EVM.MATIC.FARMS.address,Farmsent,FARMS,crypto.FARMS.version.MATIC.address,crypto.FARMS.version.MATIC.address,token.EVM.MATIC.address,Polygon PoS,MATIC,token.EVM.address,Ethereum Virtual Machine,EVM,^0x[a-fA-F0-9]{40}$,FALSE
token.EVM.MATIC.GRT.address,GRT,GRT,crypto.GRT.version.MATIC.address,crypto.GRT.version.MATIC.address,token.EVM.MATIC.address,Polygon PoS,MATIC,token.EVM.address,Ethereum Virtual Machine,EVM,^0x[a-fA-F0-9]{40}$,FALSE
token.EVM.MATIC.IQ.address,IQ,IQ,crypto.IQ.version.MATIC.address,crypto.IQ.version.MATIC.address,token.EVM.MATIC.address,Polygon PoS,MATIC,token.EVM.address,Ethereum Virtual Machine,EVM,^0x[a-fA-F0-9]{40}$,FALSE
token.EVM.MATIC.LUSD.address,LUSD,LUSD,crypto.LUSD.version.MATIC.address,crypto.LUSD.version.MATIC.address,token.EVM.MATIC.address,Polygon PoS,MATIC,token.EVM.address,Ethereum Virtual Machine,EVM,^0x[a-fA-F0-9]{40}$,FALSE
token.EVM.MATIC.MANA.address,Decentraland,MANA,crypto.MANA.version.MATIC.address,crypto.MANA.version.MATIC.address,token.EVM.MATIC.address,Polygon PoS,MATIC,token.EVM.address,Ethereum Virtual Machine,EVM,^0x[a-fA-F0-9]{40}$,FALSE
token.EVM.MATIC.POL.address,Polygon,POL,crypto.MATIC.version.MATIC.address|token.EVM.MATIC.MATIC.address|crypto.POL.version.POL.address,crypto.MATIC.version.MATIC.address,token.EVM.MATIC.address,Polygon PoS,MATIC,token.EVM.address,Ethereum Virtual Machine,EVM,^0x[a-fA-F0-9]{40}$,FALSE
token.EVM.MATIC.SHIB.address,Shiba Inu,SHIB,crypto.SHIB.version.MATIC.address,crypto.SHIB.version.MATIC.address,token.EVM.MATIC.address,Polygon PoS,MATIC,token.EVM.address,Ethereum Virtual Machine,EVM,^0x[a-fA-F0-9]{40}$,FALSE
token.EVM.MATIC.SNX.address,SNX,SNX,crypto.SNX.version.MATIC.address,crypto.SNX.version.MATIC.address,token.EVM.MATIC.address,Polygon PoS,MATIC,token.EVM.address,Ethereum Virtual Machine,EVM,^0x[a-fA-F0-9]{40}$,FALSE
token.EVM.MATIC.SUSHI.address,SUSHI,SUSHI,crypto.SUSHI.version.MATIC.address,crypto.SUSHI.version.MATIC.address,token.EVM.MATIC.address,Polygon PoS,MATIC,token.EVM.address,Ethereum Virtual Machine,EVM,^0x[a-fA-F0-9]{40}$,FALSE
token.EVM.MATIC.TEL.address,TEL,TEL,crypto.TEL.version.MATIC.address,crypto.TEL.version.MATIC.address,token.EVM.MATIC.address,Polygon PoS,MATIC,token.EVM.address,Ethereum Virtual Machine,EVM,^0x[a-fA-F0-9]{40}$,FALSE
token.EVM.MATIC.UBT.address,UBT,UBT,crypto.UBT.version.MATIC.address,crypto.UBT.version.MATIC.address,token.EVM.MATIC.address,Polygon PoS,MATIC,token.EVM.address,Ethereum Virtual Machine,EVM,^0x[a-fA-F0-9]{40}$,FALSE
token.EVM.MATIC.UBU.address,Africarare,UBU,,,token.EVM.MATIC.address,Polygon PoS,MATIC,token.EVM.address,Ethereum Virtual Machine,EVM,^0x[a-fA-F0-9]{40}$,FALSE
token.EVM.MATIC.UCASH.address,Universal Cash,UCASH,,,token.EVM.MATIC.address,Polygon PoS,MATIC,token.EVM.address,Ethereum Virtual Machine,EVM,^0x[a-fA-F0-9]{40}$,FALSE
token.EVM.MATIC.UNI.address,Uniswap,UNI,crypto.UNI.version.MATIC.address,crypto.UNI.version.MATIC.address,token.EVM.MATIC.address,Polygon PoS,MATIC,token.EVM.address,Ethereum Virtual Machine,EVM,^0x[a-fA-F0-9]{40}$,FALSE
token.EVM.MATIC.USDC.address,USD Coin,USDC,crypto.USDC.version.MATIC.address,crypto.USDC.version.MATIC.address,token.EVM.MATIC.address,Polygon PoS,MATIC,token.EVM.address,Ethereum Virtual Machine,EVM,^0x[a-fA-F0-9]{40}$,FALSE
token.EVM.MATIC.USDT.address,Tether,USDT,crypto.USDT.version.MATIC.address,crypto.USDT.version.MATIC.address,token.EVM.MATIC.address,Polygon PoS,MATIC,token.EVM.address,Ethereum Virtual Machine,EVM,^0x[a-fA-F0-9]{40}$,FALSE
token.EVM.MATIC.WBTC.address,Wrapped Bitcoin,WBTC,crypto.WBTC.version.MATIC.address,crypto.WBTC.version.MATIC.address,token.EVM.MATIC.address,Polygon PoS,MATIC,token.EVM.address,Ethereum Virtual Machine,EVM,^0x[a-fA-F0-9]{40}$,FALSE
token.EVM.MATIC.WETH.address,Wrapped Ether,WETH,crypto.WETH.version.MATIC.address,crypto.WETH.version.MATIC.address,token.EVM.MATIC.address,Polygon PoS,MATIC,token.EVM.address,Ethereum Virtual Machine,EVM,^0x[a-fA-F0-9]{40}$,FALSE
token.EVM.MATIC.WRX.address,WRX,WRX,crypto.WRX.version.MATIC.address,crypto.WRX.version.MATIC.address,token.EVM.MATIC.address,Polygon PoS,MATIC,token.EVM.address,Ethereum Virtual Machine,EVM,^0x[a-fA-F0-9]{40}$,FALSE
token.EVM.META.META.address,Metadium,META,crypto.META.address,crypto.META.address,token.EVM.META.address,Metadium,META,token.EVM.address,Ethereum Virtual Machine,EVM,^0x[a-fA-F0-9]{40}$,FALSE
token.EVM.OKB.OKB.address,X Layer,OKB,crypto.OKB.address,crypto.OKB.address,token.EVM.OKB.address,X Layer,OKB,token.EVM.address,Ethereum Virtual Machine,EVM,^0x[a-fA-F0-9]{40}$,FALSE
token.EVM.OKTC.OKT.address,OKT Chain,OKT,crypto.OKT.address,crypto.OKT.address,token.EVM.OKTC.address,OKT Chain,OKTC,token.EVM.address,Ethereum Virtual Machine,EVM,^0x[a-fA-F0-9]{40}$,FALSE
token.EVM.OKTC.USDC.address,USD Coin,USDC,crypto.USDC.version.OKT.address,crypto.USDC.version.OKT.address,token.EVM.OKTC.address,OKT Chain,OKTC,token.EVM.address,Ethereum Virtual Machine,EVM,^0x[a-fA-F0-9]{40}$,FALSE
token.EVM.OKTC.USDT.address,Tether,USDT,crypto.USDT.version.OKC.address|crypto.USDT.version.OKB.address,crypto.USDT.version.OKC.address,token.EVM.OKTC.address,OKT Chain,OKTC,token.EVM.address,Ethereum Virtual Machine,EVM,^0x[a-fA-F0-9]{40}$,FALSE
token.EVM.ONE.1INCH.address,1inch,1INCH,crypto.1INCH.version.HRC20.address,crypto.1INCH.version.HRC20.address,token.EVM.ONE.address,Harmony,ONE,token.EVM.address,Ethereum Virtual Machine,EVM,^0x[a-fA-F0-9]{40}$,FALSE
token.EVM.ONE.AAVE.address,AAVE (LEND),AAVE,crypto.AAVE.version.HRC20.address,crypto.AAVE.version.HRC20.address,token.EVM.ONE.address,Harmony,ONE,token.EVM.address,Ethereum Virtual Machine,EVM,^0x[a-fA-F0-9]{40}$,FALSE
token.EVM.ONE.BAKE.address,BAKE,BAKE,crypto.BAKE.version.HRC20.address,crypto.BAKE.version.HRC20.address,token.EVM.ONE.address,Harmony,ONE,token.EVM.address,Ethereum Virtual Machine,EVM,^0x[a-fA-F0-9]{40}$,FALSE
token.EVM.ONE.BUSD.address,Paxos BUSD,BUSD,crypto.BUSD.version.HRC20.address,crypto.BUSD.version.HRC20.address,token.EVM.ONE.address,Harmony,ONE,token.EVM.address,Ethereum Virtual Machine,EVM,^0x[a-fA-F0-9]{40}$,FALSE
token.EVM.ONE.CAKE.address,PancakeSwap,CAKE,crypto.CAKE.version.HRC20.address,crypto.CAKE.version.HRC20.address,token.EVM.ONE.address,Harmony,ONE,token.EVM.address,Ethereum Virtual Machine,EVM,^0x[a-fA-F0-9]{40}$,FALSE
token.EVM.ONE.CEL.address,Celsius,CEL,crypto.CEL.version.HRC20.address,crypto.CEL.version.HRC20.address,token.EVM.ONE.address,Harmony,ONE,token.EVM.address,Ethereum Virtual Machine,EVM,^0x[a-fA-F0-9]{40}$,FALSE
token.EVM.ONE.FEG.address,FEG,FEG,crypto.FEG.version.HRC20.address,crypto.FEG.version.HRC20.address,token.EVM.ONE.address,Harmony,ONE,token.EVM.address,Ethereum Virtual Machine,EVM,^0x[a-fA-F0-9]{40}$,FALSE
token.EVM.ONE.GRT.address,GRT,GRT,crypto.GRT.version.HRC20.address,crypto.GRT.version.HRC20.address,token.EVM.ONE.address,Harmony,ONE,token.EVM.address,Ethereum Virtual Machine,EVM,^0x[a-fA-F0-9]{40}$,FALSE
token.EVM.ONE.HBTC.address,HBTC,HBTC,crypto.HBTC.version.HRC20.address,crypto.HBTC.version.HRC20.address,token.EVM.ONE.address,Harmony,ONE,token.EVM.address,Ethereum Virtual Machine,EVM,^0x[a-fA-F0-9]{40}$,FALSE
token.EVM.ONE.HOT.address,HOT,HOT,crypto.HOT.version.HRC20.address,crypto.HOT.version.HRC20.address,token.EVM.ONE.address,Harmony,ONE,token.EVM.address,Ethereum Virtual Machine,EVM,^0x[a-fA-F0-9]{40}$,FALSE
token.EVM.ONE.HUSD.address,HUSD,HUSD,crypto.HUSD.version.HRC20.address,crypto.HUSD.version.HRC20.address,token.EVM.ONE.address,Harmony,ONE,token.EVM.address,Ethereum Virtual Machine,EVM,^0x[a-fA-F0-9]{40}$,FALSE
token.EVM.ONE.KEEP.address,KEEP,KEEP,crypto.KEEP.version.HRC20.address,crypto.KEEP.version.HRC20.address,token.EVM.ONE.address,Harmony,ONE,token.EVM.address,Ethereum Virtual Machine,EVM,^0x[a-fA-F0-9]{40}$,FALSE
token.EVM.ONE.KNCL.address,KNCL,KNCL,crypto.KNCL.version.HRC20.address,crypto.KNCL.version.HRC20.address,token.EVM.ONE.address,Harmony,ONE,token.EVM.address,Ethereum Virtual Machine,EVM,^0x[a-fA-F0-9]{40}$,FALSE
token.EVM.ONE.LPT.address,LPT,LPT,crypto.LPT.version.HRC20.address,crypto.LPT.version.HRC20.address,token.EVM.ONE.address,Harmony,ONE,token.EVM.address,Ethereum Virtual Machine,EVM,^0x[a-fA-F0-9]{40}$,FALSE
token.EVM.ONE.MDX.address,MDX,MDX,crypto.MDX.version.HRC20.address,crypto.MDX.version.HRC20.address,token.EVM.ONE.address,Harmony,ONE,token.EVM.address,Ethereum Virtual Machine,EVM,^0x[a-fA-F0-9]{40}$,FALSE
token.EVM.ONE.ONE.address,Harmony,ONE,crypto.ONE.address,crypto.ONE.address,token.EVM.ONE.address,Harmony,ONE,token.EVM.address,Ethereum Virtual Machine,EVM,^0x[a-fA-F0-9]{40}$,FALSE
token.EVM.ONE.PAXG.address,PAXG,PAXG,crypto.PAXG.version.HRC20.address,crypto.PAXG.version.HRC20.address,token.EVM.ONE.address,Harmony,ONE,token.EVM.address,Ethereum Virtual Machine,EVM,^0x[a-fA-F0-9]{40}$,FALSE
token.EVM.ONE.REEF.address,REEF,REEF,crypto.REEF.version.HRC20.address,crypto.REEF.version.HRC20.address,token.EVM.ONE.address,Harmony,ONE,token.EVM.address,Ethereum Virtual Machine,EVM,^0x[a-fA-F0-9]{40}$,FALSE
token.EVM.ONE.REN.address,REN,REN,crypto.REN.version.HRC20.address,crypto.REN.version.HRC20.address,token.EVM.ONE.address,Harmony,ONE,token.EVM.address,Ethereum Virtual Machine,EVM,^0x[a-fA-F0-9]{40}$,FALSE
token.EVM.ONE.RENBTC.address,RENBTC,RENBTC,crypto.RENBTC.version.HRC20.address,crypto.RENBTC.version.HRC20.address,token.EVM.ONE.address,Harmony,ONE,token.EVM.address,Ethereum Virtual Machine,EVM,^0x[a-fA-F0-9]{40}$,FALSE
token.EVM.ONE.SAFEMOON.address,SafeMoon,SAFEMOON,crypto.SAFEMOON.version.HRC20.address,crypto.SAFEMOON.version.HRC20.address,token.EVM.ONE.address,Harmony,ONE,token.EVM.address,Ethereum Virtual Machine,EVM,^0x[a-fA-F0-9]{40}$,FALSE
token.EVM.ONE.SAND.address,The Sandbox,SAND,crypto.SAND.version.HRC20.address,crypto.SAND.version.HRC20.address,token.EVM.ONE.address,Harmony,ONE,token.EVM.address,Ethereum Virtual Machine,EVM,^0x[a-fA-F0-9]{40}$,FALSE
token.EVM.ONE.SNX.address,SNX,SNX,crypto.SNX.version.HRC20.address,crypto.SNX.version.HRC20.address,token.EVM.ONE.address,Harmony,ONE,token.EVM.address,Ethereum Virtual Machine,EVM,^0x[a-fA-F0-9]{40}$,FALSE
token.EVM.ONE.STORJ.address,STORJ,STORJ,crypto.STORJ.version.HRC20.address,crypto.STORJ.version.HRC20.address,token.EVM.ONE.address,Harmony,ONE,token.EVM.address,Ethereum Virtual Machine,EVM,^0x[a-fA-F0-9]{40}$,FALSE
token.EVM.ONE.SUSHI.address,SUSHI,SUSHI,crypto.SUSHI.version.HRC20.address,crypto.SUSHI.version.HRC20.address,token.EVM.ONE.address,Harmony,ONE,token.EVM.address,Ethereum Virtual Machine,EVM,^0x[a-fA-F0-9]{40}$,FALSE
token.EVM.ONE.SXP.address,SXP,SXP,crypto.SXP.version.HRC20.address,crypto.SXP.version.HRC20.address,token.EVM.ONE.address,Harmony,ONE,token.EVM.address,Ethereum Virtual Machine,EVM,^0x[a-fA-F0-9]{40}$,FALSE
token.EVM.ONE.TUSD.address,TrueUSD,TUSD,crypto.TUSD.version.HRC20.address,crypto.TUSD.version.HRC20.address,token.EVM.ONE.address,Harmony,ONE,token.EVM.address,Ethereum Virtual Machine,EVM,^0x[a-fA-F0-9]{40}$,FALSE
token.EVM.ONE.UNI.address,Uniswap,UNI,crypto.UNI.version.HRC20.address,crypto.UNI.version.HRC20.address,token.EVM.ONE.address,Harmony,ONE,token.EVM.address,Ethereum Virtual Machine,EVM,^0x[a-fA-F0-9]{40}$,FALSE
token.EVM.ONE.WBTC.address,Wrapped Bitcoin,WBTC,crypto.WBTC.version.HRC20.address,crypto.WBTC.version.HRC20.address,token.EVM.ONE.address,Harmony,ONE,token.EVM.address,Ethereum Virtual Machine,EVM,^0x[a-fA-F0-9]{40}$,FALSE
token.EVM.ONE.WOO.address,WOO,WOO,crypto.WOO.version.HRC20.address,crypto.WOO.version.HRC20.address,token.EVM.ONE.address,Harmony,ONE,token.EVM.address,Ethereum Virtual Machine,EVM,^0x[a-fA-F0-9]{40}$,FALSE
token.EVM.OP.DOG.address,The Doge NFT,DOG,crypto.DOG.version.OP.address,crypto.DOG.version.OP.address,token.EVM.OP.address,Optimism,OP,token.EVM.address,Ethereum Virtual Machine,EVM,^0x[a-fA-F0-9]{40}$,FALSE
token.EVM.RSK.RIF.address,RIF,RIF,crypto.RIF.address,crypto.RIF.address,token.EVM.RSK.address,Rootstock,RSK,token.EVM.address,Ethereum Virtual Machine,EVM,^0x[a-fA-F0-9]{40}$,FALSE
token.EVM.RSK.RSK.address,RSK,RSK,crypto.RSK.address,crypto.RSK.address,token.EVM.RSK.address,Rootstock,RSK,token.EVM.address,Ethereum Virtual Machine,EVM,^0x[a-fA-F0-9]{40}$,FALSE
token.EVM.UBQ.UBQ.address,Ubiq,UBQ,crypto.UBQ.address,crypto.UBQ.address,token.EVM.UBQ.address,Ubiq,UBQ,token.EVM.address,Ethereum Virtual Machine,EVM,^0x[a-fA-F0-9]{40}$,FALSE
token.EVM.UCHAIN.UCASH.address,Universal Cash,UCASH,,,token.EVM.UCHAIN.address,Universal Chain,UCHAIN,token.EVM.address,Ethereum Virtual Machine,EVM,^0x[a-fA-F0-9]{40}$,FALSE
token.EVM.VET.VET.address,VeChain,VET,crypto.VET.address,crypto.VET.address,token.EVM.VET.address,VeChain,VET,token.EVM.address,Ethereum Virtual Machine,EVM,^0x[a-fA-F0-9]{40}$,FALSE
token.EVM.VET.VTHO.address,VeThor Token,VTHO,crypto.VTHO.address,crypto.VTHO.address,token.EVM.VET.address,VeChain,VET,token.EVM.address,Ethereum Virtual Machine,EVM,^0x[a-fA-F0-9]{40}$,FALSE
token.EVM.VLX.VLX.address,VLX,VLX,crypto.VLX.address,crypto.VLX.address,token.EVM.VLX.address,Velas,VLX,token.EVM.address,Ethereum Virtual Machine,EVM,^0x[a-fA-F0-9]{40}$,FALSE
token.EVM.WAN.WAN.address,Wanchain,WAN,crypto.WAN.address,crypto.WAN.address,token.EVM.WAN.address,Wanchain,WAN,token.EVM.address,Ethereum Virtual Machine,EVM,^0x[a-fA-F0-9]{40}$,FALSE
token.EVM.XDAI.DONUT.address,Donut,DONUT,,,token.EVM.XDAI.address,XDai,XDAI,token.EVM.address,Ethereum Virtual Machine,EVM,^0x[a-fA-F0-9]{40}$,FALSE
token.EVM.XDAI.UNI.address,Uniswap,UNI,crypto.UNI.version.XDAI.address,crypto.UNI.version.XDAI.address,token.EVM.XDAI.address,XDai,XDAI,token.EVM.address,Ethereum Virtual Machine,EVM,^0x[a-fA-F0-9]{40}$,FALSE
token.EVM.XDAI.WBTC.address,Wrapped Bitcoin,WBTC,crypto.WBTC.version.XDAI.address,crypto.WBTC.version.XDAI.address,token.EVM.XDAI.address,XDai,XDAI,token.EVM.address,Ethereum Virtual Machine,EVM,^0x[a-fA-F0-9]{40}$,FALSE
token.EVM.ZEN.ZEN.address,ZEN,ZEN,crypto.ZEN.address,crypto.ZEN.address,token.EVM.ZEN.address,Horizen,ZEN,token.EVM.address,Ethereum Virtual Machine,EVM,^0x[a-fA-F0-9]{40}$,FALSE
token.EWT.EWT.EWT.address,EWT,EWT,crypto.EWT.address,crypto.EWT.address,token.EWT.EWT.address,EWT,EWT,token.EWT.address,EWT,EWT,^[a-zA-Z0-9]*$,TRUE
token.FAB.FAB.FAB.address,FAB,FAB,crypto.FAB.address,crypto.FAB.address,token.FAB.FAB.address,FAB,FAB,token.FAB.address,FAB,FAB,^[a-zA-Z0-9]{34}$,TRUE
token.FET.FET.FET.address,Fetch AI,FET,crypto.FET.version.FETCHAI.address|crypto.FET.address,crypto.FET.version.FETCHAI.address,token.FET.FET.address,Fetch AI,FET,token.FET.address,Fetch AI,FET,^fetch[a-zA-Z0-9]{39}$,TRUE
token.FET.FET.MOBX.address,MOBIX,MOBX,crypto.MOBX.address,crypto.MOBX.address,token.FET.FET.address,Fetch AI,FET,token.FET.address,Fetch AI,FET,^fetch[a-zA-Z0-9]{39}$,TRUE
token.FIL.FIL.FIL.address,Filecoin,FIL,crypto.FIL.address,crypto.FIL.address,token.FIL.FIL.address,FIL,FIL,token.FIL.address,FIL,FIL,^f[a-zA-Z0-9]*$,TRUE
token.FIRO.FIRO.FIRO.address,Firo,FIRO,crypto.FIRO.address,crypto.FIRO.address,token.FIRO.FIRO.address,FIRO,FIRO,token.FIRO.address,FIRO,FIRO,^[a-km-zA-HJ-NP-Z1-9]{34}$,TRUE
token.FLOW.FLOW.FLOW.address,Flow,FLOW,crypto.FLOW.address,crypto.FLOW.address,token.FLOW.FLOW.address,FLOW,FLOW,token.FLOW.address,FLOW,FLOW,^[a-zA-Z0-9]*$,TRUE
token.GRS.GRS.GRS.address,GroestIcoin,GRS,crypto.GRS.address,crypto.GRS.address,token.GRS.GRS.address,GRS,GRS,token.GRS.address,GRS,GRS,^[a-zA-Z0-9]{34}$,TRUE
token.GUAP.GUAP.GUAP.address,GUAP,GUAP,crypto.GUAP.address,crypto.GUAP.address,token.GUAP.GUAP.address,GUAP,GUAP,token.GUAP.address,GUAP,GUAP,"^(G|P)[a-zA-HJ-NP-Z0-9]{25,39}$",TRUE
token.HBAR.HBAR.HBAR.address,Hedera,HBAR,crypto.HBAR.address,crypto.HBAR.address,token.HBAR.HBAR.address,HBAR,HBAR,token.HBAR.address,HBAR,HBAR,^(0|(?:[1-9]\d*))\.(0|(?:[1-9]\d*))\.(0|(?:[1-9]\d*))(?:-([a-z]{5}))?$,TRUE
token.HIVE.HIVE.HIVE.address,HIVE,HIVE,crypto.HIVE.address,crypto.HIVE.address,token.HIVE.HIVE.address,HIVE,HIVE,token.HIVE.address,HIVE,HIVE,^(?!s*$).+,TRUE
token.HNT.HNT.HNT.address,Helium,HNT,crypto.HNT.address,crypto.HNT.address,token.HNT.HNT.address,HNT,HNT,token.HNT.address,HNT,HNT,^[a-zA-Z0-9]*$,TRUE
token.ICP.ICP.ICP.address,Internet Computer,ICP,crypto.ICP.address,crypto.ICP.address,token.ICP.ICP.address,ICP,ICP,token.ICP.address,ICP,ICP,^[a-zA-Z0-9]*$,TRUE
token.ICX.ICX.ICX.address,ICON,ICX,crypto.ICX.address,crypto.ICX.address,token.ICX.ICX.address,ICX,ICX,token.ICX.address,ICX,ICX,^[a-km-zA-HJ-NP-Z0-9]{42}$,TRUE
token.IOST.IOST.IOST.address,IOST,IOST,crypto.IOST.address,crypto.IOST.address,token.IOST.IOST.address,IOST,IOST,token.IOST.address,IOST,IOST,^[a-zA-Z0-9]*$,TRUE
token.IOTA.IOTA.IOTA.address,IOTA,IOTA,crypto.IOTA.address,crypto.IOTA.address,token.IOTA.IOTA.address,Iota,IOTA,token.IOTA.address,IOTA,IOTA,^[A-Z0-9]{90}$|^iota1[a-z0-9]{59}$,TRUE
token.IOTA.IOTA.MIOTA.address,IOTA,MIOTA,crypto.MIOTA.address,crypto.MIOTA.address,token.IOTA.IOTA.address,Iota,IOTA,token.IOTA.address,IOTA,IOTA,^[A-Z0-9]{90}$|^iota1[a-z0-9]{59}$,TRUE
token.KDA.KDA.KDA.address,Kadena,KDA,,,token.KDA.KDA.address,Kadena,KDA,token.KDA.address,Kadena,KDA,^k:[0-9a-zA-Z]{64}$,TRUE
token.KLV.KLV.KLV.address,Klever,KLV,crypto.KLV.address,crypto.KLV.address,token.KLV.KLV.address,KLV,KLV,token.KLV.address,KLV,KLV,^((k|K)(l|L)(v|V))[a-zA-Z0-9]{59}$,TRUE
token.KMD.KMD.KMD.address,Komodo,KMD,crypto.KMD.address,crypto.KMD.address,token.KMD.KMD.address,KMD,KMD,token.KMD.address,KMD,KMD,^R[a-km-zA-Z1-9]{33}$,TRUE
token.KSM.KSM.KSM.address,Kusama,KSM,crypto.KSM.address,crypto.KSM.address,token.KSM.KSM.address,KSM,KSM,token.KSM.address,KSM,KSM,^[CDEFGHJ][a-zA-Z0-9]*$,TRUE
token.LSK.LSK.LSK.address,Lisk,LSK,crypto.LSK.address,crypto.LSK.address,token.LSK.LSK.address,LSK,LSK,token.LSK.address,LSK,LSK,^[0-9a-z]{3}[23456789abcdefghjkmnopqrstuvwxyz]{38}$,TRUE
token.LTC.LTC.LTC.address,Litecoin,LTC,crypto.LTC.address,crypto.LTC.address,token.LTC.LTC.address,LTC,LTC,token.LTC.address,LTC,LTC,"^[LM3][a-km-zA-HJ-NP-Z1-9]{26,33}$|^ltc1[a-zA-HJ-NP-Z0-9]{25,39}$",TRUE
token.LUNA.LUNA.ANC.address,ANC,ANC,crypto.ANC.version.TERRA.address,crypto.ANC.version.TERRA.address,token.LUNA.LUNA.address,Terra Luna,LUNA,token.LUNA.address,Terra,LUNA,^terra1[a-zA-HJ-NP-Z]{33}$,TRUE
token.LUNA.LUNA.LUNA.address,Terra,LUNA,crypto.LUNA.address,crypto.LUNA.address,token.LUNA.LUNA.address,Terra Luna,LUNA,token.LUNA.address,Terra,LUNA,^terra1[a-zA-HJ-NP-Z]{33}$,TRUE
token.LUNA.LUNA.UST.address,UST,UST,crypto.UST.address,crypto.UST.address,token.LUNA.LUNA.address,Terra Luna,LUNA,token.LUNA.address,Terra,LUNA,^terra1[a-zA-HJ-NP-Z]{33}$,TRUE
token.MAID.MAID.MAID.address,MAID,MAID,crypto.MAID.address,crypto.MAID.address,token.MAID.MAID.address,MAID,MAID,token.MAID.address,MAID,MAID,"^(bc1|[13])[a-zA-HJ-NP-Z0-9]{25,39}$",TRUE
token.MED.MED.MED.address,MED,MED,crypto.MED.address,crypto.MED.address,token.MED.MED.address,MED,MED,token.MED.address,MED,MED,^[a-zA-Z0-9]*$,TRUE
token.MINA.MINA.MINA.address,MINA,MINA,crypto.MINA.address,crypto.MINA.address,token.MINA.MINA.address,MINA,MINA,token.MINA.address,MINA,MINA,^B62[a-zA-Z0-9]*$,TRUE
token.MONA.MONA.MONA.address,MONA,MONA,crypto.MONA.address,crypto.MONA.address,token.MONA.MONA.address,MONA,MONA,token.MONA.address,MONA,MONA,^[a-zA-Z0-9]*$,TRUE
token.NANO.NANO.NANO.address,Nano,NANO,crypto.NANO.address,crypto.NANO.address,token.NANO.NANO.address,NANO,NANO,token.NANO.address,NANO,NANO,^nano_[1-9a-z]{60}$,TRUE
token.NEAR.NEAR.NEAR.address,NEAR Protocol,NEAR,crypto.NEAR.address,crypto.NEAR.address,token.NEAR.NEAR.address,NEAR Protocol,NEAR,token.NEAR.address,NEAR,NEAR,"^([a-f0-9]{2,64})|([a-z\d_-]{2,59}\.near)$",TRUE
token.NEAR.NEAR.SWEAT.address,SWEAT,SWEAT,crypto.SWEAT.version.NEP-141.address,crypto.SWEAT.version.NEP-141.address,token.NEAR.NEAR.address,NEAR Protocol,NEAR,token.NEAR.address,NEAR,NEAR,"^([a-f0-9]{2,64})|([a-z\d_-]{2,59}\.near)$",TRUE
token.NEBL.NEBL.NEBL.address,Neblio,NEBL,crypto.NEBL.address,crypto.NEBL.address,token.NEBL.NEBL.address,NEBL,NEBL,token.NEBL.address,NEBL,NEBL,^[a-zA-Z0-9]{34}$,TRUE
token.NEO.NEO.GAS.address,Gas,GAS,crypto.GAS.address,crypto.GAS.address,token.NEO.NEO.address,Neo Smart Economy,NEO,token.NEO.address,NEO,NEO,^A[0-9a-zA-Z]{33}$,TRUE
token.NEO.NEO.NEO.address,Neo,NEO,crypto.NEO.address,crypto.NEO.address,token.NEO.NEO.address,Neo Smart Economy,NEO,token.NEO.address,NEO,NEO,^A[0-9a-zA-Z]{33}$,TRUE
token.NIBI.NIBI.NIBI.address,Nibiru,NIBI,crypto.NIBI.address,crypto.NIBI.address,token.NIBI.NIBI.address,NIBI,NIBI,token.NIBI.address,NIBI,NIBI,^nibi1[a-z0-9]{38}$,TRUE
token.NIMQ.NIMQ.NIM.address,Nimiq,NIM,crypto.NIM.address,crypto.NIM.address,token.NIMQ.NIMQ.address,NIMQ,NIMQ,token.NIMQ.address,NIMQ,NIMQ,^NQ[0-9]{2} ([A-Z0-9]{4} ){7}[A-Z0-9]{4}$,TRUE
token.NKN.NKN.NKN.address,NKN,NKN,crypto.NKN.address,crypto.NKN.address,token.NKN.NKN.address,NKN,NKN,token.NKN.address,NKN,NKN,^0x[a-fA-F0-9]{40}$,TRUE
token.OMNI.OMNI.USDT.address,Tether,USDT,crypto.USDT.version.OMNI.address,crypto.USDT.version.OMNI.address,token.OMNI.OMNI.address,Omni,OMNI,token.OMNI.address,OMNI,OMNI,"^(bc1|[13])[a-zA-HJ-NP-Z0-9]{25,39}$",TRUE
token.ONT.ONT.ONG.address,Ontology Gas,ONG,crypto.ONG.address,crypto.ONG.address,token.ONT.ONT.address,Ontology,ONT,token.ONT.address,ONT,ONT,^[a-zA-Z0-9]{34}$,TRUE
token.ONT.ONT.ONT.address,Ontology,ONT,crypto.ONT.address,crypto.ONT.address,token.ONT.ONT.address,Ontology,ONT,token.ONT.address,ONT,ONT,^[a-zA-Z0-9]{34}$,TRUE
token.PHA.PHA.PHA.address,PHA,PHA,crypto.PHA.address,crypto.PHA.address,token.PHA.PHA.address,PHA,PHA,token.PHA.address,PHA,PHA,^0x[a-fA-F0-9]{40}$,TRUE
token.POKT.POKT.POKT.address,Pocket Network,POKT,crypto.POKT.address,crypto.POKT.address,token.POKT.POKT.address,POKT,POKT,token.POKT.address,POKT,POKT,^[0-9a-fA-F]{40}$,TRUE
token.QTUM.QTUM.QTUM.address,Qtum,QTUM,crypto.QTUM.address,crypto.QTUM.address,token.QTUM.QTUM.address,QTUM,QTUM,token.QTUM.address,QTUM,QTUM,^Q[a-km-zA-HJ-NP-Z1-9]{33}$,TRUE
token.RVN.RVN.RVN.address,Ravencoin,RVN,crypto.RVN.address,crypto.RVN.address,token.RVN.RVN.address,RVN,RVN,token.RVN.address,RVN,RVN,^[a-zA-Z0-9]{34}$,TRUE
token.SC.SC.SC.address,SC,SC,crypto.SC.address,crypto.SC.address,token.SC.SC.address,SC,SC,token.SC.address,SC,SC,^[a-zA-Z0-9]*$,TRUE
token.SIERRA.SIERRA.SIERRA.address,SIERRA,SIERRA,crypto.SIERRA.address,crypto.SIERRA.address,token.SIERRA.SIERRA.address,SIERRA,SIERRA,token.SIERRA.address,SIERRA,SIERRA,^[a-zA-Z0-9]{34}$,TRUE
token.SMART.SMART.SMART.address,SmartCash,SMART,crypto.SMART.address,crypto.SMART.address,token.SMART.SMART.address,SMART,SMART,token.SMART.address,SMART,SMART,^[a-zA-Z0-9]{34}$,TRUE
token.SOL.SOL.CAW.address,crow with knife,CAW,,,token.SOL.SOL.address,Solana,SOL,token.SOL.address,Solana,SOL,"^[1-9A-HJ-NP-Za-km-z]{32,44}$",TRUE
token.SOL.SOL.DOGA.address,DOGAMI,DOGA,,,token.SOL.SOL.address,Solana,SOL,token.SOL.address,Solana,SOL,"^[1-9A-HJ-NP-Za-km-z]{32,44}$",TRUE
token.SOL.SOL.KIN.address,Kin,KIN,crypto.KIN.address,crypto.KIN.address,token.SOL.SOL.address,Solana,SOL,token.SOL.address,Solana,SOL,"^[1-9A-HJ-NP-Za-km-z]{32,44}$",TRUE
token.SOL.SOL.MUMU.address,Mumu the Bull,MUMU,,,token.SOL.SOL.address,Solana,SOL,token.SOL.address,Solana,SOL,"^[1-9A-HJ-NP-Za-km-z]{32,44}$",TRUE
token.SOL.SOL.NPC.address,Non-Playable Coin,NPC,,,token.SOL.SOL.address,Solana,SOL,token.SOL.address,Solana,SOL,"^[1-9A-HJ-NP-Za-km-z]{32,44}$",TRUE
token.SOL.SOL.OXY.address,OXY,OXY,crypto.OXY.version.SOLANA.address,crypto.OXY.version.SOLANA.address,token.SOL.SOL.address,Solana,SOL,token.SOL.address,Solana,SOL,"^[1-9A-HJ-NP-Za-km-z]{32,44}$",TRUE
token.SOL.SOL.RETARDIO.address,RETARDIO,RETARDIO,,,token.SOL.SOL.address,Solana,SOL,token.SOL.address,Solana,SOL,"^[1-9A-HJ-NP-Za-km-z]{32,44}$",TRUE
token.SOL.SOL.SOL.address,Solana,SOL,crypto.SOL.address,crypto.SOL.address,token.SOL.SOL.address,Solana,SOL,token.SOL.address,Solana,SOL,"^[1-9A-HJ-NP-Za-km-z]{32,44}$",TRUE
token.SOL.SOL.SRM.address,SRM,SRM,crypto.SRM.version.SOLANA.address,crypto.SRM.version.SOLANA.address,token.SOL.SOL.address,Solana,SOL,token.SOL.address,Solana,SOL,"^[1-9A-HJ-NP-Za-km-z]{32,44}$",TRUE
token.SOL.SOL.TBALL.address,Tetherball Coin,TBALL,,,token.SOL.SOL.address,Solana,SOL,token.SOL.address,Solana,SOL,"^[1-9A-HJ-NP-Za-km-z]{32,44}$",TRUE
token.SOL.SOL.USDC.address,USD Coin,USDC,crypto.USDC.version.SOL.address,crypto.USDC.version.SOL.address,token.SOL.SOL.address,Solana,SOL,token.SOL.address,Solana,SOL,"^[1-9A-HJ-NP-Za-km-z]{32,44}$",TRUE
token.SOL.SOL.WIF.address,dogwifhat,WIF,,,token.SOL.SOL.address,Solana,SOL,token.SOL.address,Solana,SOL,"^[1-9A-HJ-NP-Za-km-z]{32,44}$",TRUE
token.STEEM.STEEM.STEEM.address,STEEM,STEEM,crypto.STEEM.address,crypto.STEEM.address,token.STEEM.STEEM.address,STEEM,STEEM,token.STEEM.address,STEEM,STEEM,^[a-zA-Z0-9]*$,TRUE
token.STX.STX.STX.address,Stacks,STX,crypto.STX.address,crypto.STX.address,token.STX.STX.address,STX,STX,token.STX.address,STX,STX,"^SP[A-Z0-9]{38,39}$",TRUE
token.SUI.SUI.SUI.address,Sui,SUI,crypto.SUI.address,crypto.SUI.address,token.SUI.SUI.address,SUI,SUI,token.SUI.address,SUI,SUI,^0x([0-9a-fA-F]{64}|[a-fA-F0-9]{40})$,TRUE
token.THOR.THOR.RUNE.address,RUNE,RUNE,crypto.RUNE.address,crypto.RUNE.address,token.THOR.THOR.address,THOR,THOR,token.THOR.address,THOR,THOR,^thor[a-zA-HJ-NP-Z0-9]{39}$,TRUE
token.TON.TON.TON.address,TON,TON,crypto.TON.address,crypto.TON.address,token.TON.TON.address,TON,TON,token.TON.address,TON,TON,^0x[a-fA-F0-9]{40}$,TRUE
token.TPAY.TPAY.TPAY.address,TokenPay,TPAY,crypto.TPAY.address,crypto.TPAY.address,token.TPAY.TPAY.address,TPAY,TPAY,token.TPAY.address,TPAY,TPAY,^[a-zA-Z0-9]{34}$,TRUE
token.TRX.TRX.TRX.address,TRON,TRX,crypto.TRX.address,crypto.TRX.address,token.TRX.TRX.address,TRON,TRX,token.TRX.address,Tron,TRX,^T[a-zA-HJ-NP-Z0-9]{33}$,TRUE
token.TRX.TRX.TUSD.address,TrueUSD,TUSD,crypto.TUSD.version.TRON.address,crypto.TUSD.version.TRON.address,token.TRX.TRX.address,TRON,TRX,token.TRX.address,Tron,TRX,^T[a-zA-HJ-NP-Z0-9]{33}$,TRUE
token.TRX.TRX.USDT.address,Tether,USDT,crypto.USDT.version.TRON.address,crypto.USDT.version.TRON.address,token.TRX.TRX.address,TRON,TRX,token.TRX.address,Tron,TRX,^T[a-zA-HJ-NP-Z0-9]{33}$,TRUE
token.VSYS.VSYS.VSYS.address,VSYS,VSYS,crypto.VSYS.address,crypto.VSYS.address,token.VSYS.VSYS.address,VSYS,VSYS,token.VSYS.address,VSYS,VSYS,^[a-zA-Z0-9]{35}$,TRUE
token.WAVES.WAVES.WAVES.address,Waves,WAVES,crypto.WAVES.address,crypto.WAVES.address,token.WAVES.WAVES.address,WAVES,WAVES,token.WAVES.address,WAVES,WAVES,^3[a-km-zA-HJ-NP-Z1-9]{34}$,TRUE
token.WAXP.WAXP.WAXP.address,WAX,WAXP,crypto.WAXP.address,crypto.WAXP.address,token.WAXP.WAXP.address,WAXP,WAXP,token.WAXP.address,WAXP,WAXP,^[a-zA-Z0-9]*$,TRUE
token.XCH.XCH.XCH.address,XCH,XCH,crypto.XCH.address,crypto.XCH.address,token.XCH.XCH.address,XCH,XCH,token.XCH.address,XCH,XCH,^xch1[a-zA-HJ-NP-Z02-9]+$,TRUE
token.XDC.XDC.XDC.address,XinFin,XDC,crypto.XDC.address,crypto.XDC.address,token.XDC.XDC.address,XDC,XDC,token.XDC.address,XDC,XDC,^xdc[a-fA-F0-9]{40}$,TRUE
token.XEM.XEM.XEM.address,NEM,XEM,crypto.XEM.address,crypto.XEM.address,token.XEM.XEM.address,XEM,XEM,token.XEM.address,XEM,XEM,^N[ABCDEFGHIJKLMNOPQRSTUVWXYZ234567]{39}$,TRUE
token.XHV.XHV.XHV.address,XHV,XHV,crypto.XHV.address,crypto.XHV.address,token.XHV.XHV.address,XHV,XHV,token.XHV.address,XHV,XHV,^hv[a-zA-Z0-9]*$,TRUE
token.XLA.XLA.XLA.address,Scala,XLA,crypto.XLA.address,crypto.XLA.address,token.XLA.XLA.address,XLA,XLA,token.XLA.address,XLA,XLA,^(S|Ss)+([1-9A-HJ-NP-Za-km-z]{96})$,TRUE
token.XLM.XLM.XLM.address,Stellar Lumens,XLM,crypto.XLM.address,crypto.XLM.address,token.XLM.XLM.address,XLM,XLM,token.XLM.address,XLM,XLM,^G[A-Z2-7]{55}$,TRUE
token.XMR.XMR.XMR.address,Monero,XMR,crypto.XMR.address,crypto.XMR.address,token.XMR.XMR.address,XMR,XMR,token.XMR.address,XMR,XMR,^[48]{1}[0-9AB][1-9A-HJ-NP-Za-km-z]{93}$,TRUE
token.XPM.XPM.XPM.address,XPM,XPM,crypto.XPM.address,crypto.XPM.address,token.XPM.XPM.address,XPM,XPM,token.XPM.address,XPM,XPM,^[a-zA-Z0-9]{34}$,TRUE
token.XPRT.XPRT.XPRT.address,XPRT,XPRT,crypto.XPRT.address,crypto.XPRT.address,token.XPRT.XPRT.address,XPRT,XPRT,token.XPRT.address,XPRT,XPRT,^[a-zA-Z0-9]*$,TRUE
token.XRP.XRP.XRP.address,XRP,XRP,crypto.XRP.address,crypto.XRP.address,token.XRP.XRP.address,XRP,XRP,token.XRP.address,XRP,XRP,"^r[1-9a-km-zA-HJ-NP-Z]{24,34}$",TRUE
token.XST.XST.XST.address,XST,XST,crypto.XST.address,crypto.XST.address,token.XST.XST.address,XST,XST,token.XST.address,XST,XST,(?:RwxQ3jUs2BjKhseNX1em4msn2GyV5XAec[PQRSTUVWXYZabcdefghijkmnopqrstuvwxyz]|RwxQ3jUs2BjKhseNX1em4msn2GyV5XAe[defghijkmnopqrstuvwxyz][123456789ABCDEFGHJKLMNPQRSTUVWXYZabcdefghijkmnopqrstuvwxyz]|RwxQ3jUs2BjKhseNX1em4msn2GyV5XA[fghijkmnopqrstuvwxyz][123456789ABCDEFGHJKLMNPQRSTUVWXYZabcdefghijkmnopqrstuvwxyz]{2}|RwxQ3jUs2BjKhseNX1em4msn2GyV5X[BCDEFGHJKLMNPQRSTUVWXYZabcdefghijkmnopqrstuvwxyz][123456789ABCDEFGHJKLMNPQRSTUVWXYZabcdefghijkmnopqrstuvwxyz]{3}|RwxQ3jUs2BjKhseNX1em4msn2GyV5[YZabcdefghijkmnopqrstuvwxyz][123456789ABCDEFGHJKLMNPQRSTUVWXYZabcdefghijkmnopqrstuvwxyz]{4}|RwxQ3jUs2BjKhseNX1em4msn2GyV[6789ABCDEFGHJKLMNPQRSTUVWXYZabcdefghijkmnopqrstuvwxyz][123456789ABCDEFGHJKLMNPQRSTUVWXYZabcdefghijkmnopqrstuvwxyz]{5}|RwxQ3jUs2BjKhseNX1em4msn2Gy[WXYZabcdefghijkmnopqrstuvwxyz][123456789ABCDEFGHJKLMNPQRSTUVWXYZabcdefghijkmnopqrstuvwxyz]{6}|RwxQ3jUs2BjKhseNX1em4msn2G[z][123456789ABCDEFGHJKLMNPQRSTUVWXYZabcdefghijkmnopqrstuvwxyz]{7}|RwxQ3jUs2BjKhseNX1em4msn2[HJKLMNPQRSTUVWXYZabcdefghijkmnopqrstuvwxyz][123456789ABCDEFGHJKLMNPQRSTUVWXYZabcdefghijkmnopqrstuvwxyz]{8}|RwxQ3jUs2BjKhseNX1em4msn[3456789ABCDEFGHJKLMNPQRSTUVWXYZabcdefghijkmnopqrstuvwxyz][123456789ABCDEFGHJKLMNPQRSTUVWXYZabcdefghijkmnopqrstuvwxyz]{9}|RwxQ3jUs2BjKhseNX1em4ms[opqrstuvwxyz][123456789ABCDEFGHJKLMNPQRSTUVWXYZabcdefghijkmnopqrstuvwxyz]{10}|RwxQ3jUs2BjKhseNX1em4m[tuvwxyz][123456789ABCDEFGHJKLMNPQRSTUVWXYZabcdefghijkmnopqrstuvwxyz]{11}|RwxQ3jUs2BjKhseNX1em4[nopqrstuvwxyz][123456789ABCDEFGHJKLMNPQRSTUVWXYZabcdefghijkmnopqrstuvwxyz]{12}|RwxQ3jUs2BjKhseNX1em[56789ABCDEFGHJKLMNPQRSTUVWXYZabcdefghijkmnopqrstuvwxyz][123456789ABCDEFGHJKLMNPQRSTUVWXYZabcdefghijkmnopqrstuvwxyz]{13}|RwxQ3jUs2BjKhseNX1e[nopqrstuvwxyz][123456789ABCDEFGHJKLMNPQRSTUVWXYZabcdefghijkmnopqrstuvwxyz]{14}|RwxQ3jUs2BjKhseNX1[fghijkmnopqrstuvwxyz][123456789ABCDEFGHJKLMNPQRSTUVWXYZabcdefghijkmnopqrstuvwxyz]{15}|RwxQ3jUs2BjKhseNX[23456789ABCDEFGHJKLMNPQRSTUVWXYZabcdefghijkmnopqrstuvwxyz][123456789ABCDEFGHJKLMNPQRSTUVWXYZabcdefghijkmnopqrstuvwxyz]{16}|RwxQ3jUs2BjKhseN[YZabcdefghijkmnopqrstuvwxyz][123456789ABCDEFGHJKLMNPQRSTUVWXYZabcdefghijkmnopqrstuvwxyz]{17}|RwxQ3jUs2BjKhse[PQRSTUVWXYZabcdefghijkmnopqrstuvwxyz][123456789ABCDEFGHJKLMNPQRSTUVWXYZabcdefghijkmnopqrstuvwxyz]{18}|RwxQ3jUs2BjKhs[fghijkmnopqrstuvwxyz][123456789ABCDEFGHJKLMNPQRSTUVWXYZabcdefghijkmnopqrstuvwxyz]{19}|RwxQ3jUs2BjKh[tuvwxyz][123456789ABCDEFGHJKLMNPQRSTUVWXYZabcdefghijkmnopqrstuvwxyz]{20}|RwxQ3jUs2BjK[ijkmnopqrstuvwxyz][123456789ABCDEFGHJKLMNPQRSTUVWXYZabcdefghijkmnopqrstuvwxyz]{21}|RwxQ3jUs2Bj[LMNPQRSTUVWXYZabcdefghijkmnopqrstuvwxyz][123456789ABCDEFGHJKLMNPQRSTUVWXYZabcdefghijkmnopqrstuvwxyz]{22}|RwxQ3jUs2B[kmnopqrstuvwxyz][123456789ABCDEFGHJKLMNPQRSTUVWXYZabcdefghijkmnopqrstuvwxyz]{23}|RwxQ3jUs2[CDEFGHJKLMNPQRSTUVWXYZabcdefghijkmnopqrstuvwxyz][123456789ABCDEFGHJKLMNPQRSTUVWXYZabcdefghijkmnopqrstuvwxyz]{24}|RwxQ3jUs[3456789ABCDEFGHJKLMNPQRSTUVWXYZabcdefghijkmnopqrstuvwxyz][123456789ABCDEFGHJKLMNPQRSTUVWXYZabcdefghijkmnopqrstuvwxyz]{25}|RwxQ3jU[tuvwxyz][123456789ABCDEFGHJKLMNPQRSTUVWXYZabcdefghijkmnopqrstuvwxyz]{26}|RwxQ3j[VWXYZabcdefghijkmnopqrstuvwxyz][123456789ABCDEFGHJKLMNPQRSTUVWXYZabcdefghijkmnopqrstuvwxyz]{27}|RwxQ3[kmnopqrstuvwxyz][123456789ABCDEFGHJKLMNPQRSTUVWXYZabcdefghijkmnopqrstuvwxyz]{28}|RwxQ[456789ABCDEFGHJKLMNPQRSTUVWXYZabcdefghijkmnopqrstuvwxyz][123456789ABCDEFGHJKLMNPQRSTUVWXYZabcdefghijkmnopqrstuvwxyz]{29}|Rwx[RSTUVWXYZabcdefghijkmnopqrstuvwxyz][123456789ABCDEFGHJKLMNPQRSTUVWXYZabcdefghijkmnopqrstuvwxyz]{30}|Rw[yz][123456789ABCDEFGHJKLMNPQRSTUVWXYZabcdefghijkmnopqrstuvwxyz]{31}|R[xyz][123456789ABCDEFGHJKLMNPQRSTUVWXYZabcdefghijkmnopqrstuvwxyz]{32}|S[123456789ABCDEFGHJKL][123456789ABCDEFGHJKLMNPQRSTUVWXYZabcdefghijkmnopqrstuvwxyz]{32}|SM[123456789ABCDEFGH][123456789ABCDEFGHJKLMNPQRSTUVWXYZabcdefghijkmnopqrstuvwxyz]{31}|SMJ11[123456789ABCDEFGHJKLMNPQRSTUVWXYZabcdefghijkmnopqrstuvwxyz]{29}|SMJ11[123456789ABCDEFGHJKLMNPQRSTUVWXYZabcdefghijkmnopqrstuvwxyz]{29}|SMJ12[123456789ABCDEFGHJKLMNPQRSTUVWXYZabcdefghijkmnop][123456789ABCDEFGHJKLMNPQRSTUVWXYZabcdefghijkmnopqrstuvwxyz]{28}|SMJ12q[123456789ABCDEFGHJKLMNPQRSTUVWXYZabcdefghijkm][123456789ABCDEFGHJKLMNPQRSTUVWXYZabcdefghijkmnopqrstuvwxyz]{27}|SMJ12qn[12345678][123456789ABCDEFGHJKLMNPQRSTUVWXYZabcdefghijkmnopqrstuvwxyz]{26}|SMJ12qn9[123456789ABCDEFGHJKLMNPQRSTUVWXYZabcdefghi][123456789ABCDEFGHJKLMNPQRSTUVWXYZabcdefghijkmnopqrstuvwxyz]{25}|SMJ12qn9j[123456789ABCDEFGHJKLM][123456789ABCDEFGHJKLMNPQRSTUVWXYZabcdefghijkmnopqrstuvwxyz]{24}|SMJ12qn9jN[123456789AB][123456789ABCDEFGHJKLMNPQRSTUVWXYZabcdefghijkmnopqrstuvwxyz]{23}|SMJ12qn9jNC[123456789AB][123456789ABCDEFGHJKLMNPQRSTUVWXYZabcdefghijkmnopqrstuvwxyz]{22}|SMJ12qn9jNCC[123456789ABCDEFGHJKLMNPQRSTUVW][123456789ABCDEFGHJKLMNPQRSTUVWXYZabcdefghijkmnopqrstuvwxyz]{21}|SMJ12qn9jNCCX[123456789ABCDEFGH][123456789ABCDEFGHJKLMNPQRSTUVWXYZabcdefghijkmnopqrstuvwxyz]{20}|SMJ12qn9jNCCXJ[123456789ABCDEFGHJKLMNPQRSTUVWXYZabcdefghijkm][123456789ABCDEFGHJKLMNPQRSTUVWXYZabcdefghijkmnopqrstuvwxyz]{19}|SMJ12qn9jNCCXJn[123456789ABCDEFGHJKLMNPQRS][123456789ABCDEFGHJKLMNPQRSTUVWXYZabcdefghijkmnopqrstuvwxyz]{18}|SMJ12qn9jNCCXJnT[123456789ABCDEFGHJKLMNPQRSTUVWX][123456789ABCDEFGHJKLMNPQRSTUVWXYZabcdefghijkmnopqrstuvwxyz]{17}|SMJ12qn9jNCCXJnTY[123456789ABCDEFGHJKLMNPQ][123456789ABCDEFGHJKLMNPQRSTUVWXYZabcdefghijkmnopqrstuvwxyz]{16}|SMJ12qn9jNCCXJnTYR[123456789ABCDEFGHJKLMNPQRSTUVWXYZabcdefghijkmnopqrstuvwxy][123456789ABCDEFGHJKLMNPQRSTUVWXYZabcdefghijkmnopqrstuvwxyz]{15}|SMJ12qn9jNCCXJnTYRz[1234][123456789ABCDEFGHJKLMNPQRSTUVWXYZabcdefghijkmnopqrstuvwxyz]{14}|SMJ12qn9jNCCXJnTYRz5[123456789ABCDEFGHJKLMNPQRSTUVWX][123456789ABCDEFGHJKLMNPQRSTUVWXYZabcdefghijkmnopqrstuvwxyz]{13}|SMJ12qn9jNCCXJnTYRz5Y[123456789ABCDEFGHJKLMNPQRSTUVWXYZabcdefghijkmnopqrst][123456789ABCDEFGHJKLMNPQRSTUVWXYZabcdefghijkmnopqrstuvwxyz]{12}|SMJ12qn9jNCCXJnTYRz5Yu[12345678][123456789ABCDEFGHJKLMNPQRSTUVWXYZabcdefghijkmnopqrstuvwxyz]{11}|SMJ12qn9jNCCXJnTYRz5Yu9[123456789ABCDEFGHJKLMNPQRSTUVWXY][123456789ABCDEFGHJKLMNPQRSTUVWXYZabcdefghijkmnopqrstuvwxyz]{10}|SMJ12qn9jNCCXJnTYRz5Yu9Z[123456789ABCDEFGHJKLMNPQRSTUVWXYZabcd][123456789ABCDEFGHJKLMNPQRSTUVWXYZabcdefghijkmnopqrstuvwxyz]{9}|SMJ12qn9jNCCXJnTYRz5Yu9Ze[123456789ABCDEFGHJKLMNPQRSTUVWXYZabcdefghijkm][123456789ABCDEFGHJKLMNPQRSTUVWXYZabcdefghijkmnopqrstuvwxyz]{8}|SMJ12qn9jNCCXJnTYRz5Yu9Zen[123456789ABCD][123456789ABCDEFGHJKLMNPQRSTUVWXYZabcdefghijkmnopqrstuvwxyz]{7}|SMJ12qn9jNCCXJnTYRz5Yu9ZenE[123456789ABCDEFGHJKLMNPQ][123456789ABCDEFGHJKLMNPQRSTUVWXYZabcdefghijkmnopqrstuvwxyz]{6}|SMJ12qn9jNCCXJnTYRz5Yu9ZenER[123456789ABCDEFGHJKLMNPQRSTUVWXYZabcdefghijkm][123456789ABCDEFGHJKLMNPQRSTUVWXYZabcdefghijkmnopqrstuvwxyz]{5}|SMJ12qn9jNCCXJnTYRz5Yu9ZenERn[123456789ABCDEFGHJKLMNPQRSTUVWXYZabcdefghij][123456789ABCDEFGHJKLMNPQRSTUVWXYZabcdefghijkmnopqrstuvwxyz]{4}|SMJ12qn9jNCCXJnTYRz5Yu9ZenERnk[123456789ABCDEFGHJKLMNPQRSTUVWXYZabcdefghij][123456789ABCDEFGHJKLMNPQRSTUVWXYZabcdefghijkmnopqrstuvwxyz]{3}|SMJ12qn9jNCCXJnTYRz5Yu9ZenERnkk[123456789ABCDEFGHJKLMNPQRST][123456789ABCDEFGHJKLMNPQRSTUVWXYZabcdefghijkmnopqrstuvwxyz]{2}|SMJ12qn9jNCCXJnTYRz5Yu9ZenERnkkU[123456789ABCDEFGHJKLMNPQRSTUVWXYZabcdefghijkmnopqrstu][123456789ABCDEFGHJKLMNPQRSTUVWXYZabcdefghijkmnopqrstuvwxyz]|SMJ12qn9jNCCXJnTYRz5Yu9ZenERnkkUv[123456789ABCDEFGHJKLMNPQRSTUVWXYZabcdefghi]),TRUE
token.XTZ.XTZ.DOGA.address,DOGAMI,DOGA,,,token.XTZ.XTZ.address,XTZ,XTZ,token.XTZ.address,XTZ,XTZ,^(tz|KT)[a-km-zA-HJ-NP-Z1-9]{34}$,TRUE
token.XTZ.XTZ.XTZ.address,Tezos,XTZ,crypto.XTZ.address,crypto.XTZ.address,token.XTZ.XTZ.address,XTZ,XTZ,token.XTZ.address,XTZ,XTZ,^(tz|KT)[a-km-zA-HJ-NP-Z1-9]{34}$,TRUE
token.XVG.XVG.XVG.address,Verge,XVG,crypto.XVG.address,crypto.XVG.address,token.XVG.XVG.address,XVG,XVG,token.XVG.address,XVG,XVG,^[a-zA-Z0-9]{34}$|^[1-9A-HJ-NP-Za-km-z]{95}$,TRUE
token.XZC.XZC.XZC.address,Zcoin,XZC,crypto.XZC.address,crypto.XZC.address,token.XZC.XZC.address,XZC,XZC,token.XZC.address,XZC,XZC,^[a-km-zA-HJ-NP-Z1-9]{34}$,TRUE
token.YEC.YEC.YEC.address,YEC,YEC,crypto.YEC.address,crypto.YEC.address,token.YEC.YEC.address,YEC,YEC,token.YEC.address,YEC,YEC,^y([a-zA-Z0-9]){94}$|^ys1([a-zA-Z0-9]){75}$|^s([a-zA-Z0-9]){34}$,TRUE
token.ZEC.ZEC.ZEC.address,Zcash,ZEC,crypto.ZEC.address,crypto.ZEC.address,token.ZEC.ZEC.address,ZEC,ZEC,token.ZEC.address,ZEC,ZEC,^z([a-zA-Z0-9]){94}$|^zs1([a-zA-Z0-9]){75}$|^t([a-zA-Z0-9]){34}$,TRUE
token.ZIL.ZIL.ZIL.address,Zilliqa,ZIL,crypto.ZIL.address,crypto.ZIL.address,token.ZIL.ZIL.address,ZIL,ZIL,token.ZIL.address,ZIL,ZIL,^zil1[qpzry9x8gf2tvdw0s3jn54khce6mua7l]{38}$,TRUE
